book,chapter,verse,duration
1,1,1,1.234
1,1,2,11.311
1,1,3,5.146063
1,1,4,7.967313
1,1,5,10.213875
1,1,6,8.59425
1,1,7,13.400812
1,1,8,7.3665
1,1,9,11.284875
1,1,10,9.743625
1,1,11,16.3265
1,1,12,14.053875
1,1,13,3.5265
1,1,14,14.576313
1,1,15,7.941187
1,1,16,14.524062
1,1,17,7.10525
1,1,18,8.777125
1,1,19,3.57875
1,1,20,12.721625
1,1,21,16.901187
1,1,22,10.762437
1,1,23,3.944437
1,1,24,11.885687
1,1,25,12.8
1,1,26,17.162437
1,1,27,9.613062
1,1,28,18.337937
1,1,29,18.651375
1,1,30,13.60975
1,1,31,10.684062
1,2,1,4.96325
1,2,2,11.232625
1,2,3,11.964062
1,2,4,9.639125
1,2,5,15.882437
1,2,6,6.0865
1,2,7,14.288937
1,2,8,8.96
1,2,9,14.236688
1,2,10,9.848125
1,2,11,9.221187
1,2,12,6.922438
1,2,13,6.164875
1,2,14,9.456312
1,2,15,8.359125
1,2,16,7.471
1,2,17,9.273438
1,2,18,8.620375
1,2,19,18.390187
1,2,20,12.4865
1,2,21,11.598313
1,2,22,9.639125
1,2,23,13.92325
1,2,24,8.777125
1,2,25,6.504437
1,3,1,14.863625
1,3,2,5.8775
1,3,3,10.448937
1,3,4,4.85875
1,3,5,11.964062
1,3,6,16.953437
1,3,7,11.128125
1,3,8,14.02775
1,3,9,6.34775
1,3,10,8.59425
1,3,11,11.964062
1,3,12,9.038312
1,3,13,11.52
1,3,14,17.162437
1,3,15,12.617125
1,3,16,13.217937
1,3,17,19.069375
1,3,18,5.799125
1,3,19,13.191812
1,3,20,7.10525
1,3,21,7.653875
1,3,22,15.777938
1,3,23,8.777125
1,3,24,15.124875
1,4,1,9.012187
1,4,2,9.508563
1,4,3,7.10525
1,4,4,9.9265
1,4,5,8.38525
1,4,6,7.131375
1,4,7,11.937938
1,4,8,10.684062
1,4,9,9.560812
1,4,10,7.653875
1,4,11,10.448937
1,4,12,8.176312
1,4,13,5.198313
1,4,14,12.904438
1,4,15,12.721625
1,4,16,7.836688
1,4,17,11.04975
1,4,18,12.382
1,4,19,7.941187
1,4,20,5.694687
1,4,21,6.948562
1,4,22,11.52
1,4,23,15.777938
1,4,24,6.635063
1,4,25,13.087312
1,4,26,10.213875
1,5,1,7.131375
1,5,2,8.254687
1,5,3,8.724875
1,5,4,7.888937
1,5,5,9.560812
1,5,6,5.198313
1,5,7,9.430188
1,5,8,7.836688
1,5,9,4.075062
1,5,10,10.031
1,5,11,6.2955
1,5,12,5.250563
1,5,13,9.325687
1,5,14,6.112625
1,5,15,6.03425
1,5,16,9.430188
1,5,17,7.288125
1,5,18,7.3665
1,5,19,7.3665
1,5,20,7.653875
1,5,21,6.217125
1,5,22,9.456312
1,5,23,6.164875
1,5,24,7.183625
1,5,25,7.053063
1,5,26,9.456312
1,5,27,8.019562
1,5,28,5.746937
1,5,29,12.43425
1,5,30,9.87425
1,5,31,7.41875
1,5,32,9.090562
1,6,1,7.183625
1,6,2,9.273438
1,6,3,11.284875
1,6,4,16.901187
1,6,5,10.031
1,6,6,6.922438
1,6,7,14.341188
1,6,8,4.440812
1,6,9,10.475062
1,6,10,6.0865
1,6,11,5.92975
1,6,12,8.724875
1,6,13,13.217937
1,6,14,11.885687
1,6,15,12.355875
1,6,16,16.3265
1,6,17,13.688125
1,6,18,10.266063
1,6,19,11.36325
1,6,20,12.4865
1,6,21,10.109375
1,6,22,6.217125
1,7,1,11.546062
1,7,2,13.5575
1,7,3,8.620375
1,7,4,13.191812
1,7,5,5.851375
1,7,6,6.504437
1,7,7,8.359125
1,7,8,9.639125
1,7,9,10.161625
1,7,10,5.198313
1,7,11,17.86775
1,7,12,5.694687
1,7,13,13.635875
1,7,14,13.871
1,7,15,9.273438
1,7,16,10.266063
1,7,17,9.639125
1,7,18,7.706062
1,7,19,10.631813
1,7,20,7.10525
1,7,21,13.270188
1,7,22,7.601625
1,7,23,16.979563
1,7,24,5.982
1,8,1,12.852187
1,8,2,7.941187
1,8,3,8.90775
1,8,4,7.131375
1,8,5,9.508563
1,8,6,6.713437
1,8,7,7.941187
1,8,8,7.784438
1,8,9,18.102812
1,8,10,7.235875
1,8,11,12.8
1,8,12,9.508563
1,8,13,18.050562
1,8,14,7.288125
1,8,15,2.50775
1,8,16,6.582813
1,8,17,17.998313
1,8,18,5.459562
1,8,19,10.475062
1,8,20,12.43425
1,8,21,21.315875
1,8,22,11.937938
1,9,1,9.325687
1,9,2,15.36
1,9,3,9.508563
1,9,4,4.075062
1,9,5,13.871
1,9,6,8.306938
1,9,7,5.982
1,9,8,4.54525
1,9,9,6.817938
1,9,10,13.374688
1,9,11,12.617125
1,9,12,11.781187
1,9,13,7.3665
1,9,14,7.3665
1,9,15,13.035063
1,9,16,13.792625
1,9,17,11.102
1,9,18,8.8555
1,9,19,5.511812
1,9,20,5.668563
1,9,21,5.982
1,9,22,7.235875
1,9,23,16.613875
1,9,24,6.870188
1,9,25,6.4
1,9,26,7.471
1,9,27,9.377937
1,9,28,5.616313
1,9,29,8.620375
1,10,1,9.639125
1,10,2,8.071813
1,10,3,4.832625
1,10,4,4.257937
1,10,5,8.672625
1,10,6,3.892187
1,10,7,10.344437
1,10,8,4.728125
1,10,9,8.176312
1,10,10,7.549375
1,10,11,8.071813
1,10,12,5.459562
1,10,13,6.635063
1,10,14,8.071813
1,10,15,4.022812
1,10,16,3.944437
1,10,17,3.657125
1,10,18,8.019562
1,10,19,12.355875
1,10,20,8.019562
1,10,21,5.746937
1,10,22,7.758312
1,10,23,4.022812
1,10,24,4.440812
1,10,25,9.795875
1,10,26,7.471
1,10,27,3.996687
1,10,28,4.205687
1,10,29,5.668563
1,10,30,5.746937
1,10,31,6.217125
1,10,32,10.161625
1,11,1,7.053063
1,11,2,7.471
1,11,3,14.288937
1,11,4,13.400812
1,11,5,7.941187
1,11,6,13.270188
1,11,7,8.4375
1,11,8,7.601625
1,11,9,13.688125
1,11,10,9.508563
1,11,11,8.724875
1,11,12,5.92975
1,11,13,9.743625
1,11,14,4.205687
1,11,15,8.4375
1,11,16,5.0155
1,11,17,8.90775
1,11,18,4.780375
1,11,19,9.090562
1,11,20,4.493062
1,11,21,8.306938
1,11,22,3.343625
1,11,23,6.635063
1,11,24,5.328938
1,11,25,9.038312
1,11,26,6.504437
1,11,27,9.090562
1,11,28,5.8775
1,11,29,12.904438
1,11,30,4.623625
1,11,31,20.741187
1,11,32,8.96
1,12,1,12.146937
1,12,2,8.071813
1,12,3,10.527312
1,12,4,12.382
1,12,5,19.879125
1,12,6,8.90775
1,12,7,14.106063
1,12,8,17.737125
1,12,9,5.433438
1,12,10,10.057125
1,12,11,11.180375
1,12,12,9.848125
1,12,13,8.724875
1,12,14,7.888937
1,12,15,9.87425
1,12,16,10.475062
1,12,17,8.672625
1,12,18,9.090562
1,12,19,10.292188
1,12,20,8.80325
1,13,1,6.635063
1,13,2,4.96325
1,13,3,14.106063
1,13,4,7.653875
1,13,5,5.459562
1,13,6,9.848125
1,13,7,11.128125
1,13,8,11.937938
1,13,9,11.102
1,13,10,16.666062
1,13,11,10.448937
1,13,12,8.724875
1,13,13,5.433438
1,13,14,13.5575
1,13,15,8.4375
1,13,16,11.284875
1,13,17,7.340375
1,13,18,10.292188
1,14,1,10.396688
1,14,2,13.270188
1,14,3,6.504437
1,14,4,7.471
1,14,5,19.644063
1,14,6,6.635063
1,14,7,12.199125
1,14,8,11.36325
1,14,9,12.53875
1,14,10,12.617125
1,14,11,5.668563
1,14,12,7.000812
1,14,13,13.374688
1,14,14,10.9975
1,14,15,10.684062
1,14,16,8.306938
1,14,17,13.139563
1,14,18,7.888937
1,14,19,8.019562
1,14,20,8.777125
1,14,21,7.784438
1,14,22,7.758312
1,14,23,9.691375
1,14,24,13.035063
1,15,1,12.956687
1,15,2,11.311
1,15,3,8.071813
1,15,4,10.292188
1,15,5,14.99425
1,15,6,5.093875
1,15,7,10.109375
1,15,8,6.713437
1,15,9,10.527312
1,15,10,12.53875
1,15,11,5.982
1,15,12,9.560812
1,15,13,11.885687
1,15,14,8.672625
1,15,15,5.433438
1,15,16,7.131375
1,15,17,11.964062
1,15,18,15.177125
1,15,19,4.022812
1,15,20,3.84
1,15,21,6.635063
1,16,1,7.053063
1,16,2,13.217937
1,16,3,16.013063
1,16,4,7.52325
1,16,5,16.013063
1,16,6,12.773875
1,16,7,7.471
1,16,8,13.792625
1,16,9,7.967313
1,16,10,7.471
1,16,11,12.4865
1,16,12,9.195063
1,16,13,11.546062
1,16,14,8.359125
1,16,15,9.743625
1,16,16,8.202438
1,17,1,15.464437
1,17,2,7.183625
1,17,3,6.269375
1,17,4,6.713437
1,17,5,10.396688
1,17,6,8.071813
1,17,7,14.158312
1,17,8,13.217937
1,17,9,10.031
1,17,10,10.448937
1,17,11,7.471
1,17,12,14.053875
1,17,13,10.579562
1,17,14,11.650562
1,17,15,9.508563
1,17,16,12.53875
1,17,17,12.564875
1,17,18,6.269375
1,17,19,14.759125
1,17,20,15.30775
1,17,21,9.613062
1,17,22,5.982
1,17,23,20.192625
1,17,24,5.982
1,17,25,7.053063
1,17,26,5.8775
1,17,27,8.620375
1,18,1,8.019562
1,18,2,13.792625
1,18,3,9.430188
1,18,4,6.817938
1,18,5,13.374688
1,18,6,12.146937
1,18,7,12.617125
1,18,8,12.4865
1,18,9,7.888937
1,18,10,12.016312
1,18,11,7.941187
1,18,12,9.377937
1,18,13,10.94525
1,18,14,7.653875
1,18,15,8.4375
1,18,16,6.948562
1,18,17,5.851375
1,18,18,7.183625
1,18,19,17.44975
1,18,20,8.359125
1,18,21,9.195063
1,18,22,8.90775
1,18,23,6.0865
1,18,24,10.9975
1,18,25,14.706938
1,18,26,9.97875
1,18,27,8.306938
1,18,28,15.281625
1,18,29,10.814687
1,18,30,13.191812
1,18,31,11.284875
1,18,32,14.02775
1,18,33,7.888937
1,19,1,13.035063
1,19,2,15.830187
1,19,3,9.456312
1,19,4,10.292188
1,19,5,8.724875
1,19,6,5.564062
1,19,7,3.57875
1,19,8,19.173875
1,19,9,14.863625
1,19,10,8.38525
1,19,11,10.031
1,19,12,12.068563
1,19,13,9.377937
1,19,14,15.281625
1,19,15,14.288937
1,19,16,13.60975
1,19,17,13.871
1,19,18,3.84
1,19,19,17.632625
1,19,20,10.161625
1,19,21,9.273438
1,19,22,9.848125
1,19,23,6.217125
1,19,24,7.000812
1,19,25,7.601625
1,19,26,4.96325
1,19,27,7.288125
1,19,28,11.702813
1,19,29,13.92325
1,19,30,13.81875
1,19,31,10.161625
1,19,32,7.601625
1,19,33,12.355875
1,19,34,17.214688
1,19,35,12.303625
1,19,36,4.022812
1,19,37,7.10525
1,19,38,8.306938
1,20,1,9.377937
1,20,2,9.848125
1,20,3,12.068563
1,20,4,8.4375
1,20,5,10.893062
1,20,6,16.848937
1,20,7,15.725687
1,20,8,9.639125
1,20,9,17.319125
1,20,10,5.799125
1,20,11,11.128125
1,20,12,7.784438
1,20,13,13.81875
1,20,14,8.672625
1,20,15,6.217125
1,20,16,12.068563
1,20,17,9.377937
1,20,18,8.254687
1,21,1,8.202438
1,21,2,8.306938
1,21,3,7.183625
1,21,4,8.071813
1,21,5,6.217125
1,21,6,8.254687
1,21,7,8.306938
1,21,8,9.377937
1,21,9,7.131375
1,21,10,10.866938
1,21,11,5.746937
1,21,12,17.266938
1,21,13,6.452187
1,21,14,18.207313
1,21,15,7.888937
1,21,16,16.561625
1,21,17,18.416313
1,21,18,8.38525
1,21,19,12.068563
1,21,20,9.195063
1,21,21,7.888937
1,21,22,12.068563
1,21,23,17.031813
1,21,24,4.85875
1,21,25,10.213875
1,21,26,11.833438
1,21,27,7.183625
1,21,28,5.198313
1,21,29,10.057125
1,21,30,10.866938
1,21,31,7.758312
1,21,32,10.213875
1,21,33,7.888937
1,21,34,5.668563
1,22,1,11.284875
1,22,2,18.755875
1,22,3,19.121625
1,22,4,8.124062
1,22,5,13.92325
1,22,6,14.524062
1,22,7,15.542813
1,22,8,9.560812
1,22,9,16.953437
1,22,10,7.784438
1,22,11,10.579562
1,22,12,17.737125
1,22,13,17.55425
1,22,14,10.684062
1,22,15,4.728125
1,22,16,13.217937
1,22,17,16.300375
1,22,18,8.80325
1,22,19,12.355875
1,22,20,10.762437
1,22,21,6.817938
1,22,22,6.948562
1,22,23,8.124062
1,22,24,10.344437
1,23,1,8.359125
1,23,2,10.893062
1,23,3,6.112625
1,23,4,8.777125
1,23,5,4.362437
1,23,6,15.412187
1,23,7,5.276687
1,23,8,11.4155
1,23,9,12.721625
1,23,10,12.8
1,23,11,14.053875
1,23,12,4.179563
1,23,13,14.288937
1,23,14,3.892187
1,23,15,10.866938
1,23,16,13.139563
1,23,17,14.106063
1,23,18,7.653875
1,23,19,10.9975
1,23,20,9.195063
1,24,1,7.053063
1,24,2,9.325687
1,24,3,13.217937
1,24,4,6.2955
1,24,5,13.792625
1,24,6,7.549375
1,24,7,20.924062
1,24,8,10.814687
1,24,9,9.090562
1,24,10,13.5575
1,24,11,9.090562
1,24,12,10.213875
1,24,13,7.836688
1,24,14,21.315875
1,24,15,14.811375
1,24,16,11.128125
1,24,17,8.071813
1,24,18,8.542
1,24,19,7.601625
1,24,20,10.631813
1,24,21,7.41875
1,24,22,14.942
1,24,23,9.221187
1,24,24,7.836688
1,24,25,4.5975
1,24,26,5.250563
1,24,27,14.654687
1,24,28,6.2955
1,24,29,7.10525
1,24,30,16.561625
1,24,31,10.448937
1,24,32,14.106063
1,24,33,10.631813
1,24,34,4.075062
1,24,35,13.453062
1,24,36,9.142812
1,24,37,10.161625
1,24,38,7.706062
1,24,39,5.694687
1,24,40,16.37875
1,24,41,11.650562
1,24,42,12.355875
1,24,43,13.400812
1,24,44,9.613062
1,24,45,13.871
1,24,46,12.956687
1,24,47,16.901187
1,24,48,13.322437
1,24,49,12.016312
1,24,50,9.325687
1,24,51,10.031
1,24,52,9.038312
1,24,53,10.631813
1,24,54,10.893062
1,24,55,8.48975
1,24,56,9.743625
1,24,57,5.381188
1,24,58,7.52325
1,24,59,7.235875
1,24,60,11.284875
1,24,61,11.36325
1,24,62,7.41875
1,24,63,9.613062
1,24,64,7.131375
1,24,65,14.654687
1,24,66,5.041625
1,24,67,14.053875
1,25,1,5.276687
1,25,2,8.4375
1,25,3,8.8555
1,25,4,8.80325
1,25,5,3.78775
1,25,6,13.035063
1,25,7,8.542
1,25,8,8.59425
1,25,9,12.146937
1,25,10,8.672625
1,25,11,10.292188
1,25,12,8.8555
1,25,13,11.833438
1,25,14,3.186937
1,25,15,4.675875
1,25,16,9.273438
1,25,17,12.120812
1,25,18,10.893062
1,25,19,5.799125
1,25,20,12.303625
1,25,21,11.702813
1,25,22,12.016312
1,25,23,14.88975
1,25,24,5.0155
1,25,25,9.012187
1,25,26,13.871
1,25,27,11.728938
1,25,28,7.941187
1,25,29,5.746937
1,25,30,13.453062
1,25,31,5.694687
1,25,32,6.870188
1,25,33,9.221187
1,25,34,13.035063
1,26,1,12.068563
1,26,2,9.430188
1,26,3,18.62525
1,26,4,13.871
1,26,5,10.213875
1,26,6,2.533875
1,26,7,13.871
1,26,8,14.445688
1,26,9,14.02775
1,26,10,11.546062
1,26,11,9.325687
1,26,12,9.613062
1,26,13,6.03425
1,26,14,8.359125
1,26,15,10.292188
1,26,16,7.340375
1,26,17,6.2955
1,26,18,18.102812
1,26,19,8.620375
1,26,20,14.106063
1,26,21,7.235875
1,26,22,14.942
1,26,23,3.422
1,26,24,17.972188
1,26,25,10.684062
1,26,26,8.306938
1,26,27,9.795875
1,26,28,14.02775
1,26,29,15.281625
1,26,30,4.075062
1,26,31,9.090562
1,26,32,12.721625
1,26,33,8.254687
1,26,34,11.781187
1,26,35,5.616313
1,27,1,13.400812
1,27,2,5.564062
1,27,3,9.195063
1,27,4,11.36325
1,27,5,9.795875
1,27,6,8.542
1,27,7,9.613062
1,27,8,5.851375
1,27,9,11.232625
1,27,10,6.687312
1,27,11,9.090562
1,27,12,9.613062
1,27,13,8.90775
1,27,14,8.80325
1,27,15,11.232625
1,27,16,7.10525
1,27,17,7.131375
1,27,18,7.784438
1,27,19,15.777938
1,27,20,10.213875
1,27,21,9.456312
1,27,22,11.4155
1,27,23,7.52325
1,27,24,5.0155
1,27,25,12.617125
1,27,26,6.582813
1,27,27,14.654687
1,27,28,8.4375
1,27,29,15.30775
1,27,30,15.177125
1,27,31,14.210562
1,27,32,9.273438
1,27,33,16.48325
1,27,34,13.792625
1,27,35,6.452187
1,27,36,17.632625
1,27,37,15.908563
1,27,38,14.341188
1,27,39,11.102
1,27,40,12.303625
1,27,41,14.706938
1,27,42,15.960812
1,27,43,7.52325
1,27,44,6.0865
1,27,45,13.453062
1,27,46,15.36
1,28,1,11.232625
1,28,2,12.355875
1,28,3,8.254687
1,28,4,13.087312
1,28,5,12.852187
1,28,6,18.102812
1,28,7,7.183625
1,28,8,6.687312
1,28,9,12.016312
1,28,10,5.851375
1,28,11,12.982812
1,28,12,12.382
1,28,13,17.972188
1,28,14,13.322437
1,28,15,15.908563
1,28,16,9.795875
1,28,17,11.04975
1,28,18,12.068563
1,28,19,8.202438
1,28,20,14.942
1,28,21,6.269375
1,28,22,12.8
1,29,1,4.675875
1,29,2,15.36
1,29,3,13.635875
1,29,4,8.071813
1,29,5,6.817938
1,29,6,9.456312
1,29,7,9.456312
1,29,8,12.016312
1,29,9,7.706062
1,29,10,17.737125
1,29,11,5.851375
1,29,12,10.292188
1,29,13,16.300375
1,29,14,7.888937
1,29,15,10.866938
1,29,16,7.41875
1,29,17,7.288125
1,29,18,9.848125
1,29,19,9.273438
1,29,20,9.508563
1,29,21,9.377937
1,29,22,4.96325
1,29,23,8.96
1,29,24,8.176312
1,29,25,12.53875
1,29,26,7.653875
1,29,27,9.9265
1,29,28,8.8555
1,29,29,6.0865
1,29,30,10.031
1,29,31,7.653875
1,29,32,13.400812
1,29,33,12.982812
1,29,34,13.740375
1,29,35,11.598313
1,30,1,12.956687
1,30,2,8.96
1,30,3,10.475062
1,30,4,7.183625
1,30,5,4.075062
1,30,6,10.631813
1,30,7,6.03425
1,30,8,10.031
1,30,9,8.672625
1,30,10,4.179563
1,30,11,6.03425
1,30,12,4.54525
1,30,13,7.784438
1,30,14,12.068563
1,30,15,17.92
1,30,16,16.48325
1,30,17,7.52325
1,30,18,9.97875
1,30,19,4.075062
1,30,20,12.016312
1,30,21,5.198313
1,30,22,7.183625
1,30,23,5.328938
1,30,24,6.164875
1,30,25,11.128125
1,30,26,11.964062
1,30,27,9.325687
1,30,28,5.459562
1,30,29,8.306938
1,30,30,13.871
1,30,31,13.92325
1,30,32,14.445688
1,30,33,15.412187
1,30,34,5.0155
1,30,35,17.319125
1,30,36,9.325687
1,30,37,14.210562
1,30,38,17.031813
1,30,39,8.071813
1,30,40,14.654687
1,30,41,12.016312
1,30,42,7.10525
1,30,43,9.377937
1,31,1,11.937938
1,31,2,6.582813
1,31,3,9.038312
1,31,4,6.2955
1,31,5,11.728938
1,31,6,5.982
1,31,7,10.579562
1,31,8,14.576313
1,31,9,6.504437
1,31,10,14.053875
1,31,11,7.888937
1,31,12,14.471813
1,31,13,16.431
1,31,14,7.784438
1,31,15,8.777125
1,31,16,11.650562
1,31,17,5.250563
1,31,18,13.374688
1,31,19,7.52325
1,31,20,8.306938
1,31,21,10.057125
1,31,22,5.381188
1,31,23,10.9975
1,31,24,11.598313
1,31,25,9.377937
1,31,26,10.893062
1,31,27,12.956687
1,31,28,8.124062
1,31,29,13.60975
1,31,30,10.213875
1,31,31,9.377937
1,31,32,14.88975
1,31,33,12.8
1,31,34,11.36325
1,31,35,13.400812
1,31,36,13.191812
1,31,37,12.564875
1,31,38,10.762437
1,31,39,11.52
1,31,40,8.80325
1,31,41,14.053875
1,31,42,16.248125
1,31,43,17.214688
1,31,44,6.687312
1,31,45,5.381188
1,31,46,11.46775
1,31,47,7.340375
1,31,48,8.48975
1,31,49,8.620375
1,31,50,11.04975
1,31,51,9.795875
1,31,52,18.468563
1,31,53,11.311
1,31,54,10.527312
1,32,1,11.180375
1,32,2,5.564062
1,32,3,10.161625
1,32,4,7.706062
1,32,5,11.546062
1,32,6,9.560812
1,32,7,9.848125
1,32,8,12.382
1,32,9,8.777125
1,32,10,13.191812
1,32,11,14.445688
1,32,12,8.80325
1,32,13,9.325687
1,32,14,7.000812
1,32,15,6.4
1,32,16,10.109375
1,32,17,11.102
1,32,18,13.400812
1,32,19,9.377937
1,32,20,12.251375
1,32,21,16.979563
1,32,22,5.982
1,32,23,11.36325
1,32,24,6.530563
1,32,25,7.000812
1,32,26,11.04975
1,32,27,8.38525
1,32,28,4.832625
1,32,29,11.964062
1,32,30,10.292188
1,32,31,9.273438
1,32,32,5.92975
1,32,33,13.5575
1,33,1,12.355875
1,33,2,10.344437
1,33,3,7.967313
1,33,4,8.777125
1,33,5,12.4865
1,33,6,5.851375
1,33,7,7.758312
1,33,8,8.071813
1,33,9,5.982
1,33,10,14.341188
1,33,11,11.04975
1,33,12,4.85875
1,33,13,11.964062
1,33,14,15.281625
1,33,15,10.448937
1,33,16,4.780375
1,33,17,9.743625
1,33,18,9.743625
1,33,19,9.87425
1,33,20,6.452187
1,34,1,6.948562
1,34,2,10.579562
1,34,3,8.777125
1,34,4,7.3665
1,34,5,11.36325
1,34,6,4.075062
1,34,7,16.143625
1,34,8,10.266063
1,34,9,7.131375
1,34,10,8.59425
1,34,11,7.758312
1,34,12,9.560812
1,34,13,8.8555
1,34,14,10.866938
1,34,15,6.687312
1,34,16,10.161625
1,34,17,5.851375
1,34,18,6.34775
1,34,19,7.967313
1,34,20,7.053063
1,34,21,17.44975
1,34,22,11.180375
1,34,23,8.777125
1,34,24,10.266063
1,34,25,14.471813
1,34,26,8.59425
1,34,27,7.471
1,34,28,7.653875
1,34,29,8.359125
1,34,30,18.233438
1,34,31,4.54525
1,35,1,14.576313
1,35,2,12.773875
1,35,3,11.964062
1,35,4,13.191812
1,35,5,9.639125
1,35,6,8.254687
1,35,7,10.762437
1,35,8,10.057125
1,35,9,6.765688
1,35,10,13.374688
1,35,11,12.852187
1,35,12,12.146937
1,35,13,5.381188
1,35,14,12.956687
1,35,15,6.452187
1,35,16,9.97875
1,35,17,8.777125
1,35,18,8.59425
1,35,19,5.746937
1,35,20,7.967313
1,35,21,6.0865
1,35,22,14.341188
1,35,23,8.4375
1,35,24,2.351
1,35,25,3.944437
1,35,26,9.273438
1,35,27,9.456312
1,35,28,3.57875
1,35,29,10.762437
1,36,1,3.36975
1,36,2,11.964062
1,36,3,3.657125
1,36,4,6.687312
1,36,5,9.743625
1,36,6,19.461188
1,36,7,10.579562
1,36,8,4.440812
1,36,9,3.761625
1,36,10,8.777125
1,36,11,6.0865
1,36,12,9.560812
1,36,13,10.057125
1,36,14,11.284875
1,36,15,9.377937
1,36,16,8.254687
1,36,17,14.759125
1,36,18,13.035063
1,36,19,4.075062
1,36,20,6.948562
1,36,21,7.053063
1,36,22,4.96325
1,36,23,6.948562
1,36,24,10.448937
1,36,25,5.250563
1,36,26,5.982
1,36,27,4.85875
1,36,28,3.47425
1,36,29,6.870188
1,36,30,9.743625
1,36,31,6.269375
1,36,32,5.250563
1,36,33,6.34775
1,36,34,5.041625
1,36,35,8.777125
1,36,36,5.381188
1,36,37,5.146063
1,36,38,4.96325
1,36,39,13.191812
1,36,40,8.8555
1,36,41,4.780375
1,36,42,3.657125
1,36,43,9.97875
1,37,1,4.85875
1,37,2,17.632625
1,37,3,8.4375
1,37,4,9.560812
1,37,5,6.948562
1,37,6,5.381188
1,37,7,14.942
1,37,8,12.564875
1,37,9,15.647312
1,37,10,14.942
1,37,11,5.459562
1,37,12,3.657125
1,37,13,9.743625
1,37,14,12.251375
1,37,15,8.176312
1,37,16,7.053063
1,37,17,11.180375
1,37,18,7.131375
1,37,19,5.381188
1,37,20,12.852187
1,37,21,7.3665
1,37,22,15.882437
1,37,23,9.456312
1,37,24,6.948562
1,37,25,17.084062
1,37,26,7.471
1,37,27,11.04975
1,37,28,14.942
1,37,29,8.59425
1,37,30,8.359125
1,37,31,8.59425
1,37,32,13.5575
1,37,33,9.377937
1,37,34,9.273438
1,37,35,14.341188
1,37,36,8.672625
1,38,1,8.672625
1,38,2,8.359125
1,38,3,4.257937
1,38,4,4.440812
1,38,5,8.59425
1,38,6,5.381188
1,38,7,6.269375
1,38,8,9.273438
1,38,9,13.035063
1,38,10,5.459562
1,38,11,19.173875
1,38,12,15.281625
1,38,13,6.530563
1,38,14,19.069375
1,38,15,6.269375
1,38,16,13.871
1,38,17,8.777125
1,38,18,15.36
1,38,19,6.164875
1,38,20,9.743625
1,38,21,11.650562
1,38,22,8.96
1,38,23,9.639125
1,38,24,15.177125
1,38,25,16.744438
1,38,26,10.344437
1,38,27,4.257937
1,38,28,9.743625
1,38,29,11.284875
1,38,30,7.053063
1,39,1,13.635875
1,39,2,8.359125
1,39,3,8.672625
1,39,4,11.04975
1,39,5,19.252187
1,39,6,15.177125
1,39,7,11.180375
1,39,8,13.5575
1,39,9,18.573062
1,39,10,10.057125
1,39,11,10.762437
1,39,12,12.068563
1,39,13,5.982
1,39,14,15.464437
1,39,15,12.355875
1,39,16,6.34775
1,39,17,10.684062
1,39,18,8.254687
1,39,19,13.270188
1,39,20,12.4865
1,39,21,9.142812
1,39,22,11.964062
1,39,23,12.564875
1,40,1,10.344437
1,40,2,7.653875
1,40,3,10.266063
1,40,4,9.87425
1,40,5,15.960812
1,40,6,6.452187
1,40,7,11.885687
1,40,8,13.453062
1,40,9,9.560812
1,40,10,11.36325
1,40,11,11.46775
1,40,12,8.96
1,40,13,16.744438
1,40,14,14.759125
1,40,15,9.639125
1,40,16,12.355875
1,40,17,11.546062
1,40,18,8.672625
1,40,19,12.251375
1,40,20,16.06525
1,40,21,7.131375
1,40,22,5.746937
1,40,23,6.269375
1,41,1,6.870188
1,41,2,8.8555
1,41,3,12.355875
1,41,4,12.146937
1,41,5,9.560812
1,41,6,7.471
1,41,7,9.456312
1,41,8,15.960812
1,41,9,6.530563
1,41,10,9.743625
1,41,11,7.653875
1,41,12,14.759125
1,41,13,7.836688
1,41,14,11.284875
1,41,15,13.453062
1,41,16,8.176312
1,41,17,7.288125
1,41,18,9.377937
1,41,19,15.281625
1,41,20,7.836688
1,41,21,11.04975
1,41,22,9.038312
1,41,23,7.653875
1,41,24,11.284875
1,41,25,9.038312
1,41,26,12.773875
1,41,27,16.143625
1,41,28,7.967313
1,41,29,6.870188
1,41,30,11.650562
1,41,31,9.142812
1,41,32,9.87425
1,41,33,7.758312
1,41,34,10.344437
1,41,35,13.871
1,41,36,13.792625
1,41,37,5.982
1,41,38,7.758312
1,41,39,9.560812
1,41,40,9.377937
1,41,41,7.131375
1,41,42,16.143625
1,41,43,11.964062
1,41,44,12.251375
1,41,45,14.863625
1,41,46,13.035063
1,41,47,5.146063
1,41,48,15.882437
1,41,49,9.639125
1,41,50,11.46775
1,41,51,9.97875
1,41,52,7.471
1,41,53,6.948562
1,41,54,13.792625
1,41,55,15.647312
1,41,56,12.956687
1,41,57,9.560812
1,42,1,8.4375
1,42,2,11.650562
1,42,3,6.34775
1,42,4,9.142812
1,42,5,8.59425
1,42,6,13.191812
1,42,7,18.390187
1,42,8,4.780375
1,42,9,12.852187
1,42,10,6.870188
1,42,11,8.071813
1,42,12,6.530563
1,42,13,15.777938
1,42,14,8.176312
1,42,15,5.746937
1,42,16,20.062
1,42,17,4.780375
1,42,18,7.053063
1,42,19,14.654687
1,42,20,12.251375
1,42,21,13.792625
1,42,22,14.053875
1,42,23,6.687312
1,42,24,13.191812
1,42,25,12.669375
1,42,26,5.146063
1,42,27,11.04975
1,42,28,16.953437
1,42,29,8.176312
1,42,30,9.038312
1,42,31,5.668563
1,42,32,10.344437
1,42,33,13.191812
1,42,34,13.191812
1,42,35,13.635875
1,42,36,14.576313
1,42,37,14.158312
1,42,38,16.666062
1,43,1,2.768937
1,43,2,12.355875
1,43,3,10.579562
1,43,4,8.254687
1,43,5,10.266063
1,43,6,7.758312
1,43,7,21.263625
1,43,8,14.863625
1,43,9,12.956687
1,43,10,5.746937
1,43,11,19.069375
1,43,12,13.635875
1,43,13,5.250563
1,43,14,13.5575
1,43,15,13.5575
1,43,16,18.155062
1,43,17,8.359125
1,43,18,21.76
1,43,19,8.672625
1,43,20,7.3665
1,43,21,15.647312
1,43,22,10.684062
1,43,23,17.789375
1,43,24,11.04975
1,43,25,9.142812
1,43,26,10.057125
1,43,27,10.762437
1,43,28,8.672625
1,43,29,15.464437
1,43,30,10.344437
1,43,31,7.288125
1,43,32,15.542813
1,43,33,10.684062
1,43,34,14.942
1,44,1,15.30775
1,44,18,15.30775
1,44,19,6.112625
1,44,20,12.956687
1,44,21,6.217125
1,44,22,8.306938
1,44,23,10.109375
1,44,24,6.765688
1,44,25,5.511812
1,44,26,15.0465
1,44,27,8.071813
1,44,28,8.724875
1,44,29,9.97875
1,44,30,10.031
1,44,31,11.598313
1,44,32,10.893062
1,44,33,10.527312
1,44,34,10.109375
1,45,1,14.942
1,45,2,7.706062
1,45,3,13.217937
1,45,4,13.92325
1,45,5,12.773875
1,45,6,8.48975
1,45,7,10.161625
1,45,8,15.072625
1,45,9,14.942
1,45,10,13.5575
1,45,11,10.475062
1,45,12,7.706062
1,45,13,11.102
1,45,14,9.142812
1,45,15,8.359125
1,45,16,10.9975
1,45,17,11.833438
1,45,18,12.4865
1,45,19,14.053875
1,45,20,6.817938
1,45,21,10.448937
1,45,22,11.650562
1,45,23,15.177125
1,45,24,8.071813
1,45,25,6.922438
1,45,26,12.43425
1,45,27,15.072625
1,45,28,9.795875
1,46,1,9.97875
1,46,2,9.508563
1,46,3,11.702813
1,46,4,9.97875
1,46,5,14.053875
1,46,6,12.303625
1,46,7,9.273438
1,46,8,9.377937
1,46,9,5.276687
1,46,10,8.019562
1,46,11,3.761625
1,46,12,12.956687
1,46,13,5.92975
1,46,14,3.761625
1,46,15,13.92325
1,46,16,7.235875
1,46,17,10.031
1,46,18,9.743625
1,46,19,4.623625
1,46,20,11.702813
1,46,21,9.560812
1,46,22,6.4
1,46,23,1.98525
1,46,24,4.728125
1,46,25,10.213875
1,46,26,11.885687
1,46,27,11.311
1,46,28,8.59425
1,46,29,13.5575
1,46,30,9.377937
1,46,31,13.81875
1,46,32,9.142812
1,46,33,5.851375
1,46,34,17.789375
1,47,1,12.617125
1,47,2,6.2955
1,47,3,11.702813
1,47,4,15.647312
1,47,5,7.131375
1,47,6,17.998313
1,47,7,9.221187
1,47,8,6.2955
1,47,9,19.356687
1,47,10,5.564062
1,47,11,13.792625
1,47,12,7.888937
1,47,13,11.702813
1,47,14,14.524062
1,47,15,15.725687
1,47,16,8.542
1,47,17,18.285687
1,47,18,22.334688
1,47,19,19.461188
1,47,20,12.53875
1,47,21,7.053063
1,47,22,14.524062
1,47,23,12.146937
1,47,24,16.796688
1,47,25,7.758312
1,47,26,14.654687
1,47,27,10.292188
1,47,28,12.669375
1,47,29,19.121625
1,47,30,13.792625
1,47,31,9.639125
1,48,1,11.52
1,48,2,10.109375
1,48,3,9.195063
1,48,4,13.688125
1,48,5,14.942
1,48,6,9.221187
1,48,7,15.908563
1,48,8,5.694687
1,48,9,11.52
1,48,10,11.598313
1,48,11,10.710187
1,48,12,6.922438
1,48,13,12.721625
1,48,14,14.88975
1,48,15,14.288937
1,48,16,14.02775
1,48,17,15.0465
1,48,18,9.142812
1,48,19,18.651375
1,48,20,15.0465
1,48,21,11.937938
1,48,22,10.344437
1,49,1,9.430188
1,49,2,5.851375
1,49,3,8.620375
1,49,4,11.728938
1,49,5,5.616313
1,49,6,12.146937
1,49,7,10.814687
1,49,8,9.613062
1,49,9,10.814687
1,49,10,11.128125
1,49,11,12.4865
1,49,12,6.164875
1,49,13,8.90775
1,49,14,6.269375
1,49,15,11.284875
1,49,16,5.511812
1,49,17,10.475062
1,49,18,3.761625
1,49,19,5.616313
1,49,20,6.530563
1,49,21,6.2955
1,49,22,6.504437
1,49,23,5.92975
1,49,24,11.650562
1,49,25,16.248125
1,49,26,12.382
1,49,27,8.019562
1,49,28,13.087312
1,49,29,11.964062
1,49,30,13.81875
1,49,31,11.546062
1,49,32,5.093875
1,49,33,10.684062
1,50,1,7.10525
1,50,2,10.266063
1,50,3,10.631813
1,50,4,11.833438
1,50,5,16.3265
1,50,6,6.870188
1,50,7,11.102
1,50,8,9.560812
1,50,9,7.235875
1,50,10,14.210562
1,50,11,17.162437
1,50,12,4.5975
1,50,13,16.613875
1,50,14,10.631813
1,50,15,14.628562
1,50,16,6.870188
1,50,17,19.461188
1,50,18,8.672625
1,50,19,6.713437
1,50,20,10.762437
1,50,21,10.814687
1,50,22,8.59425
1,50,23,10.057125
1,50,24,15.647312
1,50,25,10.631813
1,50,26,10.631813
2,1,1,7.183625
2,1,2,3.239125
2,1,3,2.925687
2,1,4,2.50775
2,1,5,7.784438
2,1,6,4.414688
2,1,7,10.109375
2,1,8,4.54525
2,1,9,5.433438
2,1,10,12.904438
2,1,11,11.36325
2,1,12,7.053063
2,1,13,4.832625
2,1,14,12.120812
2,1,15,9.221187
2,1,16,11.546062
2,1,17,11.702813
2,1,18,11.937938
2,1,19,12.303625
2,1,20,5.668563
2,1,21,5.511812
2,1,22,10.292188
2,2,1,3.944437
2,2,2,8.306938
2,2,3,14.628562
2,2,4,5.0155
2,2,5,14.99425
2,2,6,13.322437
2,2,7,10.448937
2,2,8,7.10525
2,2,9,13.374688
2,2,10,11.4155
2,2,11,12.617125
2,2,12,8.359125
2,2,13,9.795875
2,2,14,13.191812
2,2,15,13.191812
2,2,16,9.038312
2,2,17,7.053063
2,2,18,6.2955
2,2,19,8.724875
2,2,20,8.620375
2,2,21,6.34775
2,2,22,9.456312
2,2,23,14.341188
2,2,24,9.012187
2,2,25,4.362437
2,3,1,10.631813
2,3,2,12.251375
2,3,3,9.613062
2,3,4,10.762437
2,3,5,11.284875
2,3,6,13.374688
2,3,7,13.087312
2,3,8,18.991
2,3,9,10.213875
2,3,10,7.706062
2,3,11,8.80325
2,3,12,13.740375
2,3,13,13.9755
2,3,14,10.94525
2,3,15,16.1175
2,3,16,16.744438
2,3,17,14.863625
2,3,18,19.539562
2,3,19,6.112625
2,3,20,10.579562
2,3,21,7.784438
2,3,22,14.341188
2,4,1,9.221187
2,4,2,5.433438
2,4,3,9.377937
2,4,4,10.344437
2,4,5,8.254687
2,4,6,12.382
2,4,7,10.579562
2,4,8,8.306938
2,4,9,17.972188
2,4,10,14.654687
2,4,11,11.702813
2,4,12,6.452187
2,4,13,4.257937
2,4,14,16.013063
2,4,15,11.546062
2,4,16,8.38525
2,4,17,6.765688
2,4,18,16.013063
2,4,19,9.195063
2,4,20,10.814687
2,4,21,16.195875
2,4,22,6.112625
2,4,23,10.710187
2,4,24,7.3665
2,4,25,10.579562
2,4,26,5.799125
2,4,27,12.068563
2,4,28,8.202438
2,4,29,5.616313
2,4,30,8.176312
2,4,31,10.866938
2,5,1,12.773875
2,5,2,10.266063
2,5,3,14.341188
2,5,4,9.012187
2,5,5,7.471
2,5,6,6.112625
2,5,7,9.195063
2,5,8,15.124875
2,5,9,7.340375
2,5,10,9.430188
2,5,11,9.012187
2,5,12,5.433438
2,5,13,8.254687
2,5,14,14.628562
2,5,15,8.80325
2,5,16,9.430188
2,5,17,8.306938
2,5,18,7.131375
2,5,19,9.221187
2,5,20,6.635063
2,5,21,14.158312
2,5,22,10.213875
2,5,23,9.508563
2,6,1,11.4155
2,6,2,5.041625
2,6,3,8.672625
2,6,4,9.273438
2,6,5,8.96
2,6,6,16.744438
2,6,7,13.740375
2,6,8,13.217937
2,6,9,8.176312
2,6,10,2.690562
2,6,11,5.799125
2,6,12,11.180375
2,6,13,12.53875
2,6,14,10.448937
2,6,15,10.213875
2,6,16,11.232625
2,6,17,3.422
2,6,18,10.866938
2,6,19,5.982
2,6,20,11.728938
2,6,21,5.041625
2,6,22,4.127312
2,6,23,10.396688
2,6,24,5.799125
2,6,25,10.631813
2,6,26,8.38525
2,6,27,8.8555
2,6,28,4.205687
2,6,29,8.724875
2,6,30,8.8555
2,7,1,8.672625
2,7,2,10.109375
2,7,3,7.549375
2,7,4,12.617125
2,7,5,8.777125
2,7,6,5.564062
2,7,7,7.000812
2,7,8,3.186937
2,7,9,9.87425
2,7,10,13.5575
2,7,11,8.306938
2,7,12,7.967313
2,7,13,5.564062
2,7,14,6.164875
2,7,15,12.721625
2,7,16,11.598313
2,7,17,12.53875
2,7,18,8.8555
2,7,19,21.733875
2,7,20,17.162437
2,7,21,12.669375
2,7,22,10.292188
2,7,23,6.164875
2,7,24,8.124062
2,7,25,5.746937
2,7,26,9.97875
2,7,27,7.000812
2,7,28,15.464437
2,7,29,6.0865
2,8,1,14.02775
2,8,2,9.377937
2,8,3,6.504437
2,8,4,12.669375
2,8,5,14.288937
2,8,6,7.601625
2,8,7,9.142812
2,8,8,8.071813
2,8,9,8.019562
2,8,10,5.0155
2,8,11,9.743625
2,8,12,11.702813
2,8,13,15.464437
2,8,14,6.112625
2,8,15,13.740375
2,8,16,14.02775
2,8,17,15.882437
2,8,18,13.374688
2,8,19,6.530563
2,8,20,12.669375
2,8,21,6.713437
2,8,22,12.904438
2,8,23,7.888937
2,8,24,11.52
2,8,25,17.998313
2,8,26,3.604875
2,8,27,9.613062
2,8,28,6.217125
2,9,1,9.795875
2,9,2,4.414688
2,9,3,12.146937
2,9,4,8.202438
2,9,5,7.183625
2,9,6,10.9975
2,9,7,9.560812
2,9,8,11.128125
2,9,9,10.9975
2,9,10,12.982812
2,9,11,9.195063
2,9,12,5.92975
2,9,13,12.669375
2,9,14,11.598313
2,9,15,8.359125
2,9,16,10.448937
2,9,17,4.440812
2,9,18,10.579562
2,9,19,15.908563
2,9,20,6.217125
2,9,21,6.217125
2,9,22,12.956687
2,9,23,12.982812
2,9,24,11.781187
2,9,25,12.669375
2,9,26,5.381188
2,9,27,11.650562
2,9,28,9.038312
2,9,29,12.617125
2,9,30,5.799125
2,9,31,7.053063
2,9,32,5.250563
2,9,33,11.598313
2,9,34,9.195063
2,9,35,7.131375
3,1,1,5.616313
3,1,2,12.617125
3,1,3,10.448937
3,1,4,5.511812
3,1,5,13.50525
3,1,6,4.675875
3,1,7,7.758312
3,1,8,11.52
3,1,9,10.814687
3,1,10,8.724875
3,1,11,11.937938
3,1,12,11.650562
3,1,13,13.453062
3,1,14,9.456312
3,1,15,10.448937
3,1,16,8.96
3,1,17,14.341188
3,2,1,10.057125
3,2,2,13.92325
3,2,3,7.967313
3,2,4,10.161625
3,2,5,7.41875
3,2,6,5.851375
3,2,7,5.250563
3,2,8,9.430188
3,2,9,9.87425
3,2,10,7.235875
3,2,11,10.266063
3,2,12,6.765688
3,2,13,12.120812
3,2,14,10.057125
3,2,15,5.746937
3,2,16,8.777125
3,3,1,9.508563
3,3,2,12.382
3,3,3,10.109375
3,3,4,11.04975
3,3,5,10.266063
3,3,6,7.601625
3,3,7,5.851375
3,3,8,9.639125
3,3,9,15.595062
3,3,10,10.396688
3,3,11,5.276687
3,3,12,3.892187
3,3,13,9.743625
3,3,14,9.848125
3,3,15,10.631813
3,3,16,7.653875
3,3,17,7.784438
3,4,1,2.821187
3,4,2,11.52
3,4,3,11.102
3,4,4,10.109375
3,4,5,6.217125
3,4,6,9.639125
3,4,7,12.8
3,4,8,10.109375
3,4,9,11.180375
3,4,10,7.941187
3,4,11,7.10525
3,4,12,13.035063
3,4,13,12.773875
3,4,14,11.781187
3,4,15,9.273438
3,4,16,4.96325
3,4,17,8.542
3,4,18,14.341188
3,4,19,5.041625
3,4,20,8.4375
3,4,21,8.777125
3,4,22,9.87425
3,4,23,9.560812
3,4,24,8.48975
3,4,25,10.448937
3,4,26,9.613062
3,4,27,11.102
3,4,28,9.743625
3,4,29,5.799125
3,4,30,11.650562
3,4,31,15.882437
3,4,32,6.217125
3,4,33,8.38525
3,4,34,12.303625
3,4,35,12.382
3,5,1,8.359125
3,5,2,13.217937
3,5,3,8.359125
3,5,4,13.035063
3,5,5,6.582813
3,5,6,12.355875
3,5,7,12.8
3,5,8,8.777125
3,5,9,9.795875
3,5,10,9.377937
3,5,11,16.300375
3,5,12,11.702813
3,5,13,9.560812
3,5,14,2.951812
3,5,15,13.087312
3,5,16,13.5575
3,5,17,10.057125
3,5,18,13.035063
3,5,19,3.343625
3,5,20,2.742812
3,5,21,11.650562
3,5,22,9.325687
3,5,23,14.210562
3,5,24,11.311
3,5,25,7.941187
3,5,26,8.724875
3,6,1,3.056312
3,6,2,13.453062
3,6,3,15.124875
3,6,4,8.620375
3,6,5,14.88975
3,6,6,3.78775
3,6,7,7.601625
3,6,8,14.863625
3,6,9,10.448937
3,6,10,9.012187
3,6,11,10.396688
3,6,12,2.533875
3,6,13,14.706938
3,6,14,9.795875
3,6,15,8.90775
3,6,16,5.198313
3,6,17,2.638313
3,6,18,12.016312
3,6,19,6.817938
3,6,20,11.04975
3,6,21,9.639125
3,6,22,5.041625
3,6,23,9.848125
3,7,1,4.440812
3,7,2,7.601625
3,7,3,6.112625
3,7,4,10.710187
3,7,5,5.511812
3,7,6,6.164875
3,7,7,7.10525
3,7,8,7.10525
3,7,9,10.161625
3,7,10,7.52325
3,7,11,4.440812
3,7,12,14.524062
3,7,13,5.799125
3,7,14,9.090562
3,7,15,7.784438
3,7,16,10.448937
3,7,17,6.34775
3,7,18,15.0465
3,7,19,8.48975
3,7,20,9.325687
3,7,21,14.863625
3,7,22,2.50775
3,7,23,6.03425
3,7,24,7.340375
3,7,25,9.142812
3,7,26,5.564062
3,7,27,5.093875
3,7,28,2.4555
3,7,29,8.672625
3,7,30,10.475062
3,7,31,6.582813
3,7,32,5.093875
3,7,33,7.471
3,7,34,13.871
3,7,35,7.000812
3,7,36,7.941187
3,7,37,7.784438
3,7,38,10.893062
3,8,1,2.768937
3,8,2,11.04975
3,8,3,4.493062
3,8,4,6.817938
3,8,5,5.093875
3,8,6,4.85875
3,8,7,14.576313
3,8,8,6.504437
3,8,9,11.4155
3,8,10,7.10525
3,8,11,10.684062
3,8,12,5.746937
3,8,13,11.702813
3,8,14,7.758312
3,8,15,16.37875
3,8,16,10.94525
3,8,17,9.87425
3,8,18,6.217125
3,8,19,4.257937
3,8,20,8.019562
3,8,21,13.374688
3,8,22,7.601625
3,8,23,11.702813
3,8,24,14.942
3,8,25,11.128125
3,8,26,14.053875
3,8,27,7.653875
3,8,28,10.814687
3,8,29,11.52
3,8,30,15.960812
3,8,31,16.5355
3,8,32,4.414688
3,8,33,9.97875
3,8,34,5.694687
3,8,35,9.848125
3,8,36,6.0865
3,9,1,6.2955
3,9,2,9.195063
3,9,3,10.161625
3,9,4,10.475062
3,9,5,7.549375
3,9,6,8.306938
3,9,7,16.013063
3,9,8,5.511812
3,9,9,12.43425
3,9,10,11.102
3,9,11,5.328938
3,9,12,7.836688
3,9,13,6.870188
3,9,14,5.799125
3,9,15,9.691375
3,9,16,3.47425
3,9,17,7.52325
3,9,18,11.04975
3,9,19,8.202438
3,9,20,5.746937
3,9,21,7.888937
3,9,22,8.202438
3,9,23,9.325687
3,9,24,11.937938
3,10,1,14.654687
3,10,2,6.582813
3,10,3,11.781187
3,10,4,13.81875
3,10,5,7.41875
3,10,6,17.789375
3,10,7,9.325687
3,10,8,2.50775
3,10,9,11.128125
3,10,10,4.728125
3,10,11,6.2955
3,10,12,14.341188
3,10,13,8.620375
3,10,14,14.236688
3,10,15,14.576313
3,10,16,10.161625
3,10,17,11.284875
3,10,18,8.019562
3,10,19,14.524062
3,10,20,3.57875
3,11,1,3.996687
3,11,2,7.941187
3,11,3,8.777125
3,11,4,12.146937
3,11,5,5.433438
3,11,6,6.582813
3,11,7,9.038312
3,11,8,5.511812
3,11,9,9.743625
3,11,10,11.964062
3,11,11,5.616313
3,11,12,5.146063
3,11,13,9.012187
3,11,14,3.186937
3,11,15,1.802437
3,11,16,5.92975
3,11,17,3.78775
3,11,18,4.205687
3,11,19,5.746937
3,11,20,5.250563
3,11,21,10.94525
3,11,22,9.9265
3,11,23,4.832625
3,11,24,5.511812
3,11,25,5.250563
3,11,26,11.702813
3,11,27,10.266063
3,11,28,6.948562
3,11,29,7.888937
3,11,30,5.746937
3,11,31,7.653875
3,11,32,15.699562
3,11,33,7.967313
3,11,34,8.672625
3,11,35,9.038312
3,11,36,6.765688
3,11,37,6.217125
3,11,38,5.92975
3,11,39,6.687312
3,11,40,9.430188
3,11,41,5.276687
3,11,42,11.180375
3,11,43,9.195063
3,11,44,12.303625
3,11,45,10.213875
3,11,46,8.4375
3,11,47,8.59425
3,12,1,2.533875
3,12,2,9.795875
3,12,3,2.951812
3,12,4,11.46775
3,12,5,9.325687
3,12,6,12.4865
3,12,7,9.743625
3,12,8,12.355875
3,13,1,3.108563
3,13,2,11.885687
3,13,3,12.852187
3,13,4,11.36325
3,13,5,11.52
3,13,6,13.792625
3,13,7,9.848125
3,13,8,7.288125
3,13,9,5.0155
3,13,10,8.90775
3,13,11,7.601625
3,13,12,10.9975
3,13,13,9.613062
3,13,14,3.892187
3,13,15,6.504437
3,13,16,5.668563
3,13,17,7.941187
3,13,18,4.257937
3,13,19,7.888937
3,13,20,11.102
3,13,21,10.213875
3,13,22,5.459562
3,13,23,7.549375
3,13,24,8.8555
3,13,25,14.393437
3,13,26,11.102
3,13,27,8.96
3,13,28,11.284875
3,13,29,6.34775
3,13,30,13.191812
3,13,31,12.564875
3,13,32,11.284875
3,13,33,6.948562
3,13,34,12.904438
3,13,35,5.0155
3,13,36,8.071813
3,13,37,8.620375
3,13,38,5.511812
3,13,39,9.273438
3,13,40,4.257937
3,13,41,5.093875
3,13,42,10.710187
3,13,43,10.579562
3,13,44,6.817938
3,13,45,9.743625
3,13,46,7.653875
3,13,47,6.217125
3,13,48,6.2955
3,13,49,12.53875
3,13,50,4.623625
3,13,51,15.229375
3,13,52,13.217937
3,13,53,7.758312
3,13,54,6.4
3,13,55,16.195875
3,13,56,9.639125
3,13,57,10.684062
3,13,58,9.508563
3,13,59,11.4155
3,14,1,2.324875
3,14,2,9.273438
3,14,3,3.36975
3,14,4,9.012187
3,14,5,5.668563
3,14,6,12.904438
3,14,7,8.96
3,14,8,12.355875
3,14,9,14.393437
3,14,10,13.688125
3,14,11,7.471
3,14,12,9.377937
3,14,13,12.4865
3,14,14,10.266063
3,14,15,5.250563
3,14,16,11.102
3,14,17,11.702813
3,14,18,8.4375
3,14,19,7.131375
3,14,20,8.620375
3,14,21,13.374688
3,14,22,8.124062
3,14,23,7.340375
3,14,24,6.922438
3,14,25,12.068563
3,14,26,4.54525
3,14,27,7.706062
3,14,28,11.232625
3,14,29,6.582813
3,14,30,6.34775
3,14,31,8.724875
3,14,33,3.47425
3,14,34,8.359125
3,14,35,6.03425
3,14,36,11.46775
3,14,37,10.9975
3,14,38,6.03425
3,14,39,7.183625
3,14,40,10.266063
3,14,41,9.456312
3,14,42,9.508563
3,14,43,8.8555
3,14,44,9.325687
3,14,45,9.87425
3,14,46,6.269375
3,14,47,5.746937
3,14,48,11.546062
3,14,49,7.288125
3,14,50,4.5975
3,14,51,13.374688
3,14,52,10.527312
3,14,53,7.288125
3,14,54,3.892187
3,14,55,2.768937
3,14,56,3.78775
3,14,57,5.511812
3,15,1,3.108563
3,15,2,8.306938
3,15,3,8.620375
3,15,4,7.3665
3,15,5,7.235875
3,15,6,8.542
3,15,7,7.131375
3,15,8,6.765688
3,15,9,4.440812
3,15,10,11.781187
3,15,11,8.96
3,15,12,7.000812
3,15,13,10.814687
3,15,14,10.527312
3,15,15,8.620375
3,15,16,7.836688
3,15,17,8.306938
3,15,18,8.620375
3,15,19,10.109375
3,15,20,5.564062
3,15,21,6.713437
3,15,22,8.202438
3,15,23,7.784438
3,15,24,10.266063
3,15,25,12.852187
3,15,26,12.773875
3,15,27,5.92975
3,15,28,6.34775
3,15,29,9.221187
3,15,30,8.96
3,15,31,8.59425
3,15,32,7.235875
3,15,33,8.620375
3,16,1,7.41875
3,16,2,19.304437
3,16,3,6.870188
3,16,4,13.400812
3,16,5,6.504437
3,16,6,5.511812
3,16,7,6.2955
3,16,8,7.601625
3,16,9,6.922438
3,16,10,10.814687
3,16,11,8.80325
3,16,12,12.564875
3,16,13,9.221187
3,16,14,10.9975
3,16,15,13.453062
3,16,16,11.650562
3,16,17,11.128125
3,16,18,11.46775
3,16,19,7.10525
3,16,20,8.071813
3,16,21,18.050562
3,16,22,7.601625
3,16,23,8.620375
3,16,24,11.46775
3,16,25,3.160813
3,16,26,10.213875
3,16,27,13.740375
3,16,28,7.340375
3,16,29,13.270188
3,16,30,8.59425
3,16,31,5.746937
3,16,32,9.848125
3,16,33,10.109375
3,16,34,11.232625
3,17,1,2.925687
3,17,2,9.090562
3,17,3,9.508563
3,17,4,14.654687
3,17,5,15.281625
3,17,6,9.195063
3,17,7,9.613062
3,17,8,8.80325
3,17,9,7.340375
3,17,10,13.322437
3,17,11,10.762437
3,17,12,9.639125
3,17,13,11.885687
3,17,14,11.833438
3,17,15,10.396688
3,17,16,4.728125
3,18,1,2.586063
3,18,2,5.616313
3,18,3,12.4865
3,19,1,3.004062
3,19,2,7.52325
3,19,3,46.942
27,1,1,10.344437
27,1,2,6.922438
27,1,3,13.374688
27,1,4,6.217125
27,1,5,7.41875
27,1,6,6.817938
27,2,1,4.780375
27,2,2,8.48975
27,2,3,6.635063
27,2,4,5.616313
27,2,5,6.217125
27,2,6,4.911
27,2,7,10.396688
27,2,8,8.306938
27,2,9,5.616313
27,2,10,5.616313
27,2,11,5.093875
27,2,12,10.710187
27,3,1,4.832625
27,3,2,5.250563
27,3,3,6.765688
27,3,4,6.0865
27,3,5,6.530563
27,3,6,6.922438
27,3,7,5.982
27,3,8,11.702813
27,3,9,5.746937
27,4,1,3.160813
27,4,2,8.90775
27,4,3,8.48975
27,4,4,6.765688
27,4,5,8.620375
27,4,6,5.381188
27,4,7,8.254687
27,4,8,6.817938
27,4,9,8.90775
27,5,1,3.892187
27,5,2,5.328938
27,5,3,6.948562
27,5,4,7.235875
27,5,5,6.4
27,5,6,7.967313
27,5,7,7.758312
27,5,8,9.9265
27,5,9,9.195063
27,5,10,10.109375
27,5,11,10.579562
27,5,12,11.937938
27,5,13,8.4375
27,6,1,4.85875
27,6,2,7.10525
27,6,3,8.672625
27,6,4,5.92975
27,6,5,6.922438
27,6,6,5.668563
27,6,7,9.639125
27,6,8,6.34775
27,6,9,7.3665
27,6,10,6.164875
27,6,11,8.4375
27,7,1,8.306938
27,7,2,8.254687
27,7,3,5.668563
27,7,4,6.922438
27,7,5,6.0865
27,7,6,10.710187
27,7,7,10.448937
27,7,8,6.582813
27,7,9,8.672625
27,7,10,10.213875
27,7,11,5.0155
27,7,12,5.459562
27,7,13,7.000812
27,7,14,6.582813
27,7,15,7.000812
27,7,16,6.4
27,7,17,6.2955
27,7,18,7.3665
27,8,1,3.78775
27,8,2,9.9265
27,8,3,9.795875
27,8,4,7.601625
27,8,5,5.92975
27,8,6,7.549375
27,8,7,6.2955
27,8,8,5.093875
27,8,9,6.765688
27,8,10,5.8775
27,9,1,4.310187
27,9,2,6.164875
27,9,3,6.34775
27,9,4,6.269375
27,9,5,7.758312
27,9,6,7.758312
27,9,7,9.613062
27,9,8,5.746937
27,9,9,6.217125
27,9,10,6.687312
27,9,11,7.941187
27,9,12,6.870188
27,9,13,6.870188
27,9,14,8.96
27,9,15,9.430188
27,9,16,7.784438
27,9,17,9.743625
27,9,18,7.000812
27,9,19,9.012187
27,9,20,7.3665
27,9,21,8.48975
27,10,1,6.817938
27,10,2,8.176312
27,10,3,8.80325
27,10,4,8.202438
27,10,5,10.344437
27,10,6,6.765688
27,10,7,8.542
27,10,8,10.057125
27,10,9,11.964062
27,10,10,6.687312
27,10,11,8.176312
27,10,12,7.758312
27,10,13,6.452187
27,10,14,14.341188
27,10,15,6.922438
27,10,16,6.2955
27,10,17,7.288125
27,10,18,8.071813
27,11,1,10.710187
27,11,2,10.866938
27,11,3,5.276687
27,11,4,11.46775
27,11,5,7.758312
27,11,6,8.777125
27,11,7,7.471
27,12,1,4.310187
27,12,2,7.653875
27,12,3,8.359125
27,12,4,7.3665
27,12,5,8.4375
27,12,6,11.4155
27,12,7,10.161625
27,12,8,7.053063
27,12,9,7.235875
27,13,1,2.40325
27,13,2,7.888937
27,13,3,10.213875
27,13,4,8.59425
27,13,5,7.183625
27,13,6,10.9975
27,14,1,12.721625
27,14,2,9.848125
27,14,3,8.202438
27,14,4,9.508563
27,14,5,5.799125
27,14,6,5.459562
27,14,7,12.199125
27,15,1,9.090562
27,15,2,6.452187
27,15,3,9.090562
27,15,4,9.9265
27,15,5,11.728938
27,16,1,6.2955
27,16,2,6.687312
27,16,3,6.922438
27,16,4,12.617125
27,16,5,6.03425
27,16,6,6.948562
27,16,7,7.836688
27,16,8,7.053063
27,16,9,7.967313
27,16,10,7.653875
27,16,11,9.9265
27,17,1,12.852187
27,17,2,6.269375
27,17,3,10.292188
27,17,4,7.053063
27,17,5,7.053063
27,17,6,8.306938
27,17,7,7.131375
27,17,8,6.713437
27,17,9,7.235875
27,17,10,6.582813
27,17,11,6.948562
27,17,12,7.3665
27,17,13,9.273438
27,17,14,16.561625
27,17,15,7.183625
27,18,1,12.4865
27,18,2,5.433438
27,18,3,12.43425
27,18,4,6.0865
27,18,5,6.922438
27,18,6,5.8775
27,18,7,12.721625
27,18,8,10.213875
27,18,9,8.542
27,18,10,6.713437
27,18,11,7.000812
27,18,12,8.80325
27,18,13,7.288125
27,18,14,9.743625
27,18,15,6.713437
27,18,16,12.199125
27,18,17,6.4
27,18,18,6.922438
27,18,19,6.112625
27,18,20,6.4
27,18,21,6.504437
27,18,22,6.0865
27,18,23,6.765688
27,18,24,5.982
27,18,25,7.183625
27,18,26,6.34775
27,18,27,6.0865
27,18,28,6.713437
27,18,29,7.340375
27,18,30,5.799125
27,18,31,9.613062
27,18,32,7.52325
27,18,33,6.03425
27,18,34,6.582813
27,18,35,7.967313
27,18,36,10.161625
27,18,37,5.799125
27,18,38,6.34775
27,18,39,5.799125
27,18,40,7.183625
27,18,41,6.34775
27,18,42,6.0865
27,18,43,7.3665
27,18,44,9.221187
27,18,45,7.10525
27,18,46,6.870188
27,18,47,6.112625
27,18,48,6.217125
27,18,49,9.848125
27,18,50,6.870188
27,18,51,9.325687
27,19,1,2.925687
27,19,2,7.183625
27,19,3,7.10525
27,19,4,5.250563
27,19,5,10.031
27,19,6,7.601625
27,19,7,9.273438
27,19,8,8.8555
27,19,9,9.377937
27,19,10,9.012187
27,19,11,9.221187
27,19,12,5.668563
27,19,13,5.328938
27,19,14,10.344437
27,19,15,8.90775
27,20,1,2.821187
27,20,2,6.765688
27,20,3,6.217125
27,20,4,7.183625
27,20,5,6.269375
27,20,6,9.613062
27,20,7,11.964062
27,20,8,8.96
27,20,9,6.34775
27,20,10,6.530563
27,21,1,2.873438
27,21,2,7.836688
27,21,3,7.41875
27,21,4,6.870188
27,21,5,6.635063
27,21,6,6.269375
27,21,7,7.235875
27,21,8,7.053063
27,21,9,7.053063
27,21,10,10.710187
27,21,11,6.217125
27,21,12,5.851375
27,21,13,6.34775
27,21,14,7.3665
27,22,1,4.832625
27,22,2,8.48975
27,22,3,8.359125
27,22,4,5.0155
27,22,5,6.34775
27,22,6,6.582813
27,22,7,6.452187
27,22,8,6.530563
27,22,9,6.4
27,22,10,6.03425
27,22,11,7.235875
27,22,12,6.582813
27,22,13,6.112625
27,22,14,5.146063
27,22,15,11.04975
27,22,16,10.109375
27,22,17,9.221187
27,22,18,6.504437
27,22,19,6.765688
27,22,20,7.235875
27,22,21,6.164875
27,22,22,6.0865
27,22,23,6.164875
27,22,24,11.937938
27,22,25,11.781187
27,22,26,7.471
27,22,27,8.777125
27,22,28,10.814687
27,22,29,4.832625
27,22,30,12.382
27,22,31,5.250563
27,22,32,6.530563
27,23,1,5.616313
27,23,2,5.564062
27,23,3,6.870188
27,23,4,13.635875
27,23,5,9.142812
27,23,6,10.292188
27,24,1,7.601625
27,24,2,5.694687
27,24,3,6.0865
27,24,4,9.325687
27,24,5,7.000812
27,24,6,6.34775
27,24,7,8.124062
27,24,8,8.359125
27,24,9,7.967313
27,24,10,8.620375
27,25,1,4.85875
27,25,2,8.38525
27,25,3,6.03425
27,25,4,5.982
27,25,5,10.9975
27,25,6,6.504437
27,25,7,10.631813
27,25,8,6.112625
27,25,9,6.2955
27,25,10,7.706062
27,25,11,6.34775
27,25,12,6.713437
27,25,13,5.381188
27,25,14,5.328938
27,25,15,5.92975
27,25,16,6.0865
27,25,17,6.0865
27,25,18,5.8775
27,25,19,6.269375
27,25,20,5.982
27,25,21,5.198313
27,25,22,5.093875
27,26,1,8.90775
27,26,2,6.217125
27,26,3,6.582813
27,26,4,5.92975
27,26,5,5.433438
27,26,6,7.41875
27,26,7,5.982
27,26,8,7.340375
27,26,9,7.471
27,26,10,5.8775
27,26,11,6.03425
27,26,12,6.504437
27,27,1,10.057125
27,27,2,10.814687
27,27,3,10.684062
27,27,4,14.654687
27,27,5,10.94525
27,27,6,13.270188
27,27,7,6.217125
27,27,8,7.3665
27,27,9,15.30775
27,27,10,6.269375
27,27,11,8.124062
27,27,12,9.560812
27,27,13,7.000812
27,27,14,8.59425
27,28,1,13.453062
27,28,2,9.012187
27,28,3,10.344437
27,28,4,11.46775
27,28,5,9.456312
27,28,6,4.5975
27,28,7,12.904438
27,28,8,5.433438
27,28,9,9.691375
27,29,1,7.3665
27,29,2,6.452187
27,29,3,9.038312
27,29,4,5.093875
27,29,5,7.653875
27,29,6,7.549375
27,29,7,4.127312
27,29,8,6.922438
27,29,9,9.743625
27,29,10,6.530563
27,29,11,7.784438
27,30,1,3.78775
27,30,2,6.530563
27,30,3,5.982
27,30,4,7.235875
27,30,5,5.694687
27,30,6,8.8555
27,30,7,5.668563
27,30,8,10.031
27,30,9,5.799125
27,30,10,9.012187
27,30,11,5.668563
27,30,12,8.202438
27,30,13,9.142812
27,31,1,2.768937
27,31,2,8.359125
27,31,3,10.9975
27,31,4,7.836688
27,31,5,7.10525
27,31,6,6.4
27,31,7,7.706062
27,31,8,9.743625
27,31,9,6.765688
27,31,10,8.542
27,31,11,11.04975
27,31,12,14.106063
27,31,13,5.564062
27,31,14,11.4155
27,31,15,6.948562
27,31,16,6.452187
27,31,17,6.4
27,31,18,9.195063
27,31,19,8.620375
27,31,20,10.475062
27,31,21,9.508563
27,31,22,6.2955
27,31,23,11.650562
27,31,24,10.631813
27,31,25,6.34775
27,32,1,6.635063
27,32,2,7.758312
27,32,3,6.2955
27,32,4,9.430188
27,32,5,14.863625
27,32,6,12.43425
27,32,7,9.038312
27,32,8,7.758312
27,32,9,10.031
27,32,10,7.836688
27,32,11,7.288125
27,33,1,6.530563
27,33,2,5.564062
27,33,3,5.381188
27,33,4,5.459562
27,33,5,6.713437
27,33,6,6.504437
27,33,7,5.92975
27,33,8,7.836688
27,33,9,5.564062
27,33,10,6.34775
27,33,11,6.765688
27,33,12,7.41875
27,33,13,5.92975
27,33,14,5.668563
27,33,15,6.530563
27,33,16,8.071813
27,33,17,5.92975
27,33,18,5.851375
27,33,19,5.328938
27,33,20,6.34775
27,33,21,5.511812
27,33,22,5.8775
27,34,1,8.38525
27,34,2,5.92975
27,34,3,6.2955
27,34,4,5.851375
27,34,5,7.000812
27,34,6,6.112625
27,34,7,7.183625
27,34,8,6.217125
27,34,9,7.000812
27,34,10,7.235875
27,34,11,8.019562
27,34,12,6.269375
27,34,13,6.582813
27,34,14,6.2955
27,34,15,6.765688
27,34,16,7.000812
27,34,17,6.582813
27,34,18,6.217125
27,34,19,6.817938
27,34,20,6.765688
27,34,21,6.687312
27,34,22,6.217125
27,34,23,8.176312
27,35,1,7.235875
27,35,2,5.381188
27,35,3,8.38525
27,35,4,9.795875
27,35,5,5.694687
27,35,6,7.053063
27,35,7,7.601625
27,35,8,10.057125
27,35,9,4.96325
27,35,10,13.217937
27,35,11,6.03425
27,35,12,6.4
27,35,13,10.527312
27,35,14,8.4375
27,35,15,10.292188
27,35,16,5.694687
27,35,17,9.325687
27,35,18,6.112625
27,35,19,7.3665
27,35,20,8.176312
27,35,21,7.471
27,35,22,7.3665
27,35,23,6.112625
27,35,24,7.053063
27,35,25,7.000812
27,35,26,11.04975
27,35,27,10.344437
27,35,28,6.582813
27,36,1,3.004062
27,36,2,7.706062
27,36,3,5.616313
27,36,4,6.582813
27,36,5,8.59425
27,36,6,6.2955
27,36,7,10.292188
27,36,8,9.456312
27,36,9,6.687312
27,36,10,5.799125
27,36,11,7.000812
27,36,12,7.053063
27,36,13,6.922438
27,37,1,6.765688
27,37,2,6.817938
27,37,3,6.817938
27,37,4,6.582813
27,37,5,6.948562
27,37,6,6.635063
27,37,7,9.508563
27,37,8,7.706062
27,37,9,8.019562
27,37,10,8.124062
27,37,11,7.183625
27,37,12,6.582813
27,37,13,5.511812
27,37,14,11.128125
27,37,15,6.34775
27,37,16,5.511812
27,37,17,6.635063
27,37,18,7.235875
27,37,19,6.817938
27,37,20,6.03425
27,37,21,10.684062
27,37,22,7.10525
27,37,23,7.000812
27,37,24,5.564062
27,37,25,10.109375
27,37,26,5.041625
27,37,27,5.433438
27,37,28,12.53875
27,37,29,6.164875
27,37,30,6.112625
27,37,31,5.668563
27,37,32,5.433438
27,37,33,6.504437
27,37,34,10.448937
27,37,35,5.982
27,37,36,6.687312
27,37,37,5.433438
27,37,38,7.10525
27,37,39,6.0865
27,37,40,9.639125
27,38,1,2.324875
27,38,2,7.758312
27,38,3,7.340375
27,38,4,8.8555
27,38,5,7.000812
27,38,6,6.112625
27,38,7,6.635063
27,38,8,6.112625
27,38,9,6.582813
27,38,10,7.758312
27,38,11,7.784438
27,38,12,7.235875
27,38,13,10.762437
27,38,14,6.112625
27,38,15,6.504437
27,38,16,7.235875
27,38,17,6.2955
27,38,18,5.459562
27,38,19,4.54525
27,38,20,7.340375
27,38,21,7.41875
27,38,22,6.112625
27,38,23,4.728125
27,39,1,4.96325
27,39,2,9.639125
27,39,3,7.784438
27,39,4,7.471
27,39,5,8.90775
27,39,6,12.146937
27,39,7,11.284875
27,39,8,6.269375
27,39,9,6.34775
27,39,10,5.381188
27,39,11,7.053063
27,39,12,10.579562
27,39,13,14.759125
27,39,14,7.183625
27,40,1,2.690562
27,40,2,6.765688
27,40,3,9.691375
27,40,4,9.795875
27,40,5,9.691375
27,40,6,16.953437
27,40,7,9.639125
27,40,8,7.471
27,40,9,7.053063
27,40,10,10.031
27,40,11,14.811375
27,40,12,9.691375
27,40,13,15.072625
27,40,14,6.817938
27,40,15,12.721625
27,40,16,6.34775
27,40,17,11.102
27,40,18,12.43425
27,41,1,2.586063
27,41,2,6.948562
27,41,3,10.762437
27,41,4,8.48975
27,41,5,7.653875
27,41,6,5.616313
27,41,7,11.546062
27,41,8,7.758312
27,41,9,7.340375
27,41,10,8.071813
27,41,11,6.34775
27,41,12,6.34775
27,41,13,7.653875
27,41,14,8.254687
27,42,1,3.291375
27,42,2,7.706062
27,42,3,7.888937
27,42,4,9.325687
27,42,5,14.628562
27,42,6,10.527312
27,42,7,10.9975
27,42,8,9.038312
27,42,9,9.848125
27,42,10,9.508563
27,42,11,10.475062
27,42,12,11.546062
27,43,1,9.273438
27,43,2,10.161625
27,43,3,10.94525
27,43,4,10.527312
27,43,5,10.866938
27,44,1,3.108563
27,44,2,10.292188
27,44,3,8.202438
27,44,4,12.4865
27,44,5,5.694687
27,44,6,5.851375
27,44,7,5.093875
27,44,8,6.112625
27,44,9,6.713437
27,44,10,6.530563
27,44,11,7.288125
27,44,12,6.0865
27,44,13,6.452187
27,44,14,7.10525
27,44,15,6.217125
27,44,16,7.10525
27,44,17,6.687312
27,44,18,8.071813
27,44,19,7.340375
27,44,20,6.817938
27,44,21,6.948562
27,44,22,6.217125
27,44,23,6.112625
27,44,24,7.52325
27,44,25,6.530563
27,44,26,6.217125
27,44,27,6.713437
27,45,1,5.694687
27,45,2,8.542
27,45,3,9.87425
27,45,4,5.564062
27,45,5,10.109375
27,45,6,7.601625
27,45,7,6.687312
27,45,8,10.109375
27,45,9,8.777125
27,45,10,9.273438
27,45,11,7.653875
27,45,12,7.471
27,45,13,5.851375
27,45,14,6.817938
27,45,15,9.090562
27,45,16,5.746937
27,45,17,7.836688
27,45,18,9.325687
27,46,1,3.761625
27,46,2,6.530563
27,46,3,6.504437
27,46,4,6.452187
27,46,5,6.34775
27,46,6,7.288125
27,46,7,6.34775
27,46,8,6.817938
27,46,9,6.530563
27,46,10,10.475062
27,46,11,6.687312
27,46,12,7.053063
27,47,1,2.768937
27,47,2,5.381188
27,47,3,5.198313
27,47,4,4.96325
27,47,5,6.635063
27,47,6,4.5975
27,47,7,5.511812
27,47,8,4.96325
27,47,9,5.694687
27,47,10,9.639125
27,48,1,2.351
27,48,2,5.851375
27,48,3,8.071813
27,48,4,4.022812
27,48,5,4.675875
27,48,6,5.799125
27,48,7,4.5975
27,48,8,4.310187
27,48,9,11.52
27,48,10,4.832625
27,48,11,8.542
27,48,12,6.635063
27,48,13,6.452187
27,48,14,8.8555
27,48,15,7.340375
27,49,1,3.004062
27,49,2,5.328938
27,49,3,4.96325
27,49,4,5.041625
27,49,5,5.093875
27,49,6,5.616313
27,49,7,6.269375
27,49,8,5.8775
27,49,9,4.493062
27,49,10,4.54525
27,49,11,9.038312
27,49,12,9.9265
27,49,13,5.459562
27,49,14,7.000812
27,49,15,13.740375
27,49,16,6.530563
27,49,17,4.96325
27,49,18,5.146063
27,49,19,5.92975
27,49,20,5.511812
27,49,21,6.164875
27,50,1,10.684062
27,50,2,4.075062
27,50,3,8.724875
27,50,4,6.0865
27,50,5,5.0155
27,50,6,6.582813
27,50,7,7.758312
27,50,8,5.8775
27,50,9,5.746937
27,50,10,5.511812
27,50,11,5.250563
27,50,12,5.459562
27,50,13,4.96325
27,50,14,5.146063
27,50,15,5.668563
27,50,16,7.653875
27,50,17,5.433438
27,50,18,6.687312
27,50,19,5.0155
27,50,20,6.112625
27,50,21,10.9975
27,50,22,5.982
27,50,23,8.48975
27,51,1,2.168125
27,51,2,4.440812
27,51,3,6.217125
27,51,4,5.459562
27,51,5,4.96325
27,51,6,10.579562
27,51,7,5.459562
27,51,8,5.92975
27,51,9,6.922438
27,51,10,5.746937
27,51,11,4.96325
27,51,12,6.164875
27,51,13,7.340375
27,51,14,5.92975
27,51,15,5.8775
27,51,16,7.601625
27,51,17,5.851375
27,51,18,4.96325
27,51,19,8.019562
27,51,20,6.0865
27,51,21,8.620375
27,52,1,2.272625
27,52,2,7.235875
27,52,3,6.452187
27,52,4,5.799125
27,52,5,5.851375
27,52,6,4.911
27,52,7,10.814687
27,52,8,5.564062
27,52,9,9.87425
27,52,10,7.52325
27,52,11,7.888937
27,53,1,3.422
27,53,2,8.359125
27,53,3,9.038312
27,53,4,7.000812
27,53,5,8.59425
27,53,6,11.937938
27,53,7,11.102
27,54,1,3.291375
27,54,2,5.276687
27,54,3,5.328938
27,54,4,5.093875
27,54,5,8.90775
27,54,6,5.276687
27,54,7,5.694687
27,54,8,6.635063
27,54,9,5.851375
27,55,1,3.004062
27,55,2,5.851375
27,55,3,5.511812
27,55,4,8.542
27,55,5,5.433438
27,55,6,6.164875
27,55,7,6.504437
27,55,8,4.5975
27,55,9,5.328938
27,55,10,6.582813
27,55,11,7.52325
27,55,12,6.452187
27,55,13,10.292188
27,55,14,5.8775
27,55,15,5.982
27,55,16,8.124062
27,55,17,5.093875
27,55,18,7.053063
27,55,19,6.2955
27,55,20,9.639125
27,55,21,4.911
27,55,22,9.430188
27,55,23,8.90775
27,55,24,11.128125
27,56,1,8.019562
27,56,2,6.530563
27,56,3,5.92975
27,56,4,3.944437
27,56,5,7.888937
27,56,6,6.34775
27,56,7,7.758312
27,56,8,6.504437
27,56,9,9.87425
27,56,10,7.601625
27,56,11,4.85875
27,56,12,5.146063
27,56,13,5.041625
27,56,14,10.527312
27,57,1,7.288125
27,57,2,11.284875
27,57,3,4.911
27,57,4,9.560812
27,57,5,12.251375
27,57,6,5.8775
27,57,7,9.639125
27,57,8,6.452187
27,57,9,6.504437
27,57,10,5.276687
27,57,11,6.2955
27,57,12,6.03425
27,58,1,3.186937
27,58,2,7.131375
27,58,3,7.601625
27,58,4,5.668563
27,58,5,8.071813
27,58,6,6.2955
27,58,7,6.452187
27,58,8,8.672625
27,58,9,7.41875
27,58,10,7.41875
27,58,11,6.530563
27,58,12,7.967313
27,59,1,7.053063
27,59,2,5.92975
27,59,3,5.92975
27,59,4,8.4375
27,59,5,7.000812
27,59,6,11.728938
27,59,7,5.799125
27,59,8,6.870188
27,59,9,5.0155
27,59,10,5.459562
27,59,11,6.0865
27,59,12,9.273438
27,59,13,10.213875
27,59,14,10.762437
27,59,15,5.92975
27,59,16,5.459562
27,59,17,12.068563
27,59,18,7.3665
27,60,1,5.041625
27,60,2,11.46775
27,60,3,6.870188
27,60,4,6.713437
27,60,5,6.217125
27,60,6,7.053063
27,60,7,6.948562
27,60,8,9.456312
27,60,9,7.784438
27,60,10,9.430188
27,60,11,5.668563
27,60,12,6.870188
27,60,13,6.452187
27,60,14,5.616313
27,61,1,2.873438
27,61,2,5.041625
27,61,3,9.090562
27,61,4,5.668563
27,61,5,7.053063
27,61,6,7.549375
27,61,7,6.112625
27,61,8,6.948562
27,61,9,6.765688
27,62,1,3.108563
27,62,2,5.564062
27,62,3,6.217125
27,62,4,8.96
27,62,5,11.4155
27,62,6,5.694687
27,62,7,5.198313
27,62,8,6.530563
27,62,9,9.87425
27,62,10,10.109375
27,62,11,9.377937
27,62,12,7.340375
27,62,13,7.053063
27,63,1,3.57875
27,63,2,12.669375
27,63,3,6.164875
27,63,4,6.4
27,63,5,6.2955
27,63,6,7.10525
27,63,7,5.511812
27,63,8,5.564062
27,63,9,5.511812
27,63,10,7.340375
27,63,11,5.616313
27,63,12,10.213875
27,64,1,2.40325
27,64,2,6.765688
27,64,3,5.8775
27,64,4,6.713437
27,64,5,6.765688
27,64,6,9.273438
27,64,7,9.560812
27,64,8,5.851375
27,64,9,5.851375
27,64,10,7.549375
27,64,11,7.549375
27,65,1,2.821187
27,65,2,6.948562
27,65,3,4.728125
27,65,4,6.34775
27,65,5,10.266063
27,65,6,9.743625
27,65,7,4.362437
27,65,8,6.452187
27,65,9,8.542
27,65,10,12.303625
27,65,11,9.090562
27,65,12,6.687312
27,65,13,6.03425
27,65,14,8.672625
27,66,1,5.746937
27,66,2,5.0155
27,66,3,8.8555
27,66,4,8.124062
27,66,5,6.817938
27,66,6,9.430188
27,66,7,10.866938
27,66,8,5.250563
27,66,9,5.564062
27,66,10,5.459562
27,66,11,5.8775
27,66,12,9.639125
27,66,13,5.511812
27,66,14,5.250563
27,66,15,8.359125
27,66,16,7.131375
27,66,17,5.0155
27,66,18,5.746937
27,66,19,4.780375
27,66,20,7.10525
27,67,1,3.160813
27,67,2,6.922438
27,67,3,5.093875
27,67,4,4.675875
27,67,5,8.96
27,67,6,4.728125
27,67,7,5.511812
27,67,8,6.217125
27,68,1,2.821187
27,68,2,6.765688
27,68,3,8.777125
27,68,4,6.922438
27,68,5,9.848125
27,68,6,6.03425
27,68,7,10.684062
27,68,8,7.41875
27,68,9,10.710187
27,68,10,7.601625
27,68,11,6.765688
27,68,12,5.250563
27,68,13,7.340375
27,68,14,10.866938
27,68,15,5.92975
27,68,16,5.668563
27,68,17,11.04975
27,68,18,8.542
27,68,19,11.885687
27,68,20,8.019562
27,68,21,7.471
27,68,22,8.4375
27,68,23,6.34775
27,68,24,8.359125
27,68,25,6.687312
27,68,26,6.687312
27,68,27,6.112625
27,68,28,9.508563
27,68,29,8.48975
27,68,30,5.459562
27,68,31,13.871
27,68,32,7.784438
27,68,33,5.92975
27,68,34,5.982
27,68,35,7.235875
27,68,36,10.893062
27,69,1,3.186937
27,69,2,4.54525
27,69,3,10.396688
27,69,4,7.706062
27,69,5,12.43425
27,69,6,8.542
27,69,7,10.684062
27,69,8,6.164875
27,69,9,5.041625
27,69,10,6.870188
27,69,11,5.093875
27,69,12,5.8775
27,69,13,5.694687
27,69,14,10.292188
27,69,15,9.9265
27,69,16,10.292188
27,69,17,6.269375
27,69,18,6.34775
27,69,19,5.851375
27,69,20,8.202438
27,69,21,11.180375
27,69,22,7.053063
27,69,23,5.668563
27,69,24,6.4
27,69,25,6.269375
27,69,26,5.92975
27,69,27,7.52325
27,69,28,5.694687
27,69,29,7.235875
27,69,30,6.530563
27,69,31,6.0865
27,69,32,5.616313
27,69,33,6.582813
27,69,34,6.34775
27,69,35,5.564062
27,69,36,8.359125
27,69,37,7.3665
27,70,1,2.821187
27,70,2,5.92975
27,70,3,9.221187
27,70,4,5.511812
27,70,5,10.684062
27,70,6,11.4155
27,71,1,5.198313
27,71,2,7.235875
27,71,3,9.273438
27,71,4,6.948562
27,71,5,6.922438
27,71,6,10.031
27,71,7,5.694687
27,71,8,5.616313
27,71,9,6.03425
27,71,10,5.694687
27,71,11,6.870188
27,71,12,6.504437
27,71,13,8.620375
27,71,14,6.03425
27,71,15,7.706062
27,71,16,6.687312
27,71,17,7.053063
27,71,18,10.94525
27,71,19,8.359125
27,71,20,11.598313
27,71,21,3.944437
27,71,22,10.344437
27,71,23,6.582813
27,71,24,10.031
27,72,1,7.758312
27,72,2,5.381188
27,72,3,5.041625
27,72,4,7.000812
27,72,5,5.381188
27,72,6,5.433438
27,72,7,6.0865
27,72,8,5.92975
27,72,9,6.34775
27,72,10,9.377937
27,72,11,5.851375
27,72,12,6.0865
27,72,13,6.34775
27,72,14,6.687312
27,72,15,10.866938
27,72,16,12.016312
27,72,17,11.128125
27,72,18,6.765688
27,72,19,9.325687
27,72,20,4.832625
27,73,1,6.948562
27,73,2,7.41875
27,73,3,5.198313
27,73,4,4.911
27,73,5,6.34775
27,73,6,6.2955
27,73,7,5.8775
27,73,8,6.4
27,73,9,5.616313
27,73,10,5.8775
27,73,11,5.694687
27,73,12,6.2955
27,73,13,6.2955
27,73,14,5.433438
27,73,15,5.92975
27,73,16,5.276687
27,73,17,5.8775
27,73,18,6.0865
27,73,19,6.922438
27,73,20,5.564062
27,73,21,4.832625
27,73,22,5.8775
27,73,23,5.250563
27,73,24,5.799125
27,73,25,5.694687
27,73,26,7.131375
27,73,27,6.817938
27,73,28,10.94525
27,74,1,9.221187
27,74,2,10.266063
27,74,3,7.52325
27,74,4,6.922438
27,74,5,5.746937
27,74,6,7.183625
27,74,7,6.765688
27,74,8,7.000812
27,74,9,6.948562
27,74,10,7.41875
27,74,11,7.288125
27,74,12,5.433438
27,74,13,7.183625
27,74,14,7.888937
27,74,15,7.706062
27,74,16,6.687312
27,74,17,7.3665
27,74,18,8.071813
27,74,19,7.601625
27,74,20,6.817938
27,74,21,5.851375
27,74,22,8.124062
27,74,23,6.269375
27,75,1,3.892187
27,75,2,6.765688
27,75,3,3.84
27,75,4,7.053063
27,75,5,7.053063
27,75,6,5.799125
27,75,7,6.03425
27,75,8,4.780375
27,75,9,13.92325
27,75,10,5.459562
27,75,11,6.452187
27,76,1,4.205687
27,76,2,5.328938
27,76,3,5.381188
27,76,4,7.000812
27,76,5,4.85875
27,76,6,9.038312
27,76,7,6.635063
27,76,8,7.131375
27,76,9,5.982
27,76,10,6.504437
27,76,11,5.511812
27,76,12,8.176312
27,76,13,5.746937
27,77,1,3.422
27,77,2,6.948562
27,77,3,8.8555
27,77,4,7.183625
27,77,5,5.198313
27,77,6,4.362437
27,77,7,7.000812
27,77,8,4.911
27,77,9,5.146063
27,77,10,6.164875
27,77,11,5.0155
27,77,12,6.530563
27,77,13,6.687312
27,77,14,5.92975
27,77,15,6.03425
27,77,16,6.112625
27,77,17,8.672625
27,77,18,8.620375
27,77,19,8.777125
27,77,20,8.019562
27,77,21,5.982
27,78,1,7.888937
27,78,2,5.982
27,78,3,5.433438
27,78,4,10.710187
27,78,5,10.344437
27,78,6,8.8555
27,78,7,8.96
27,78,8,9.97875
27,78,9,6.34775
27,78,10,6.269375
27,78,11,5.564062
27,78,12,6.582813
27,78,13,5.8775
27,78,14,5.459562
27,78,15,6.452187
27,78,16,5.982
27,78,17,6.164875
27,78,18,5.799125
27,78,19,6.922438
27,78,20,11.128125
27,78,21,10.161625
27,78,22,5.276687
27,78,23,5.0155
27,78,24,6.687312
27,78,25,7.000812
27,78,26,6.2955
27,78,27,6.635063
27,78,28,5.459562
27,78,29,5.668563
27,78,30,5.433438
27,78,31,8.48975
27,78,32,6.112625
27,78,33,5.694687
27,78,34,6.687312
27,78,35,5.746937
27,78,36,5.276687
27,78,37,5.746937
27,78,38,10.9975
27,78,39,5.459562
27,78,40,5.668563
27,78,41,5.851375
27,78,42,5.799125
27,78,43,6.164875
27,78,44,6.217125
27,78,45,6.452187
27,78,46,5.381188
27,78,47,5.198313
27,78,48,5.799125
27,78,49,8.306938
27,78,50,9.142812
27,78,51,6.452187
27,78,52,6.112625
27,78,53,8.306938
27,78,54,5.694687
27,78,55,10.94525
27,78,56,6.217125
27,78,57,7.52325
27,78,58,6.530563
27,78,59,6.217125
27,78,60,5.511812
27,78,61,5.276687
27,78,62,5.694687
27,78,63,5.668563
27,78,64,5.746937
27,78,65,5.250563
27,78,66,5.276687
27,78,67,6.269375
27,78,68,6.582813
27,78,69,6.635063
27,78,70,6.03425
27,78,71,8.254687
27,78,72,6.164875
27,79,1,12.721625
27,79,2,9.848125
27,79,3,6.713437
27,79,4,7.3665
27,79,5,6.948562
27,79,6,10.684062
27,79,7,5.459562
27,79,8,8.80325
27,79,9,12.120812
27,79,10,10.893062
27,79,11,8.019562
27,79,12,9.430188
27,79,13,10.344437
27,80,1,4.675875
27,80,2,8.071813
27,80,3,8.777125
27,80,4,5.433438
27,80,5,6.948562
27,80,6,5.668563
27,80,7,6.504437
27,80,8,6.504437
27,80,9,6.922438
27,80,10,7.888937
27,80,11,5.799125
27,80,12,5.694687
27,80,13,6.0865
27,80,14,7.941187
27,80,15,8.124062
27,80,16,6.34775
27,80,17,6.0865
27,80,18,5.851375
27,80,19,6.0865
27,80,20,7.3665
27,81,1,3.47425
27,81,2,5.564062
27,81,3,5.328938
27,81,4,5.250563
27,81,5,5.381188
27,81,6,9.090562
27,81,7,6.34775
27,81,8,11.4155
27,81,9,6.217125
27,81,10,5.982
27,81,11,10.475062
27,81,12,5.746937
27,81,13,7.000812
27,81,14,6.164875
27,81,15,5.92975
27,81,16,6.0865
27,81,17,7.549375
27,82,1,8.90775
27,82,2,6.765688
27,82,3,4.96325
27,82,4,5.851375
27,82,5,9.221187
27,82,6,6.4
27,82,7,5.799125
27,82,8,7.941187
27,83,1,1.98525
27,83,2,6.582813
27,83,3,6.713437
27,83,4,6.269375
27,83,5,7.836688
27,83,6,5.8775
27,83,7,5.433438
27,83,8,6.0865
27,83,9,5.381188
27,83,10,6.504437
27,83,11,5.198313
27,83,12,11.232625
27,83,13,4.96325
27,83,14,6.0865
27,83,15,5.276687
27,83,16,6.452187
27,83,17,5.146063
27,83,18,5.851375
27,83,19,7.471
27,84,1,3.47425
27,84,2,4.075062
27,84,3,10.475062
27,84,4,13.792625
27,84,5,5.198313
27,84,6,5.694687
27,84,7,8.59425
27,84,8,6.713437
27,84,9,8.80325
27,84,10,5.799125
27,84,11,11.46775
27,84,12,10.292188
27,84,13,5.511812
27,85,1,2.951812
27,85,2,5.982
27,85,3,6.452187
27,85,4,6.687312
27,85,5,5.851375
27,85,6,6.0865
27,85,7,6.530563
27,85,8,5.982
27,85,9,12.146937
27,85,10,5.746937
27,85,11,5.668563
27,85,12,5.851375
27,85,13,6.687312
27,85,14,6.164875
27,86,1,9.377937
27,86,2,9.560812
27,86,3,5.146063
27,86,4,7.131375
27,86,5,7.131375
27,86,6,6.687312
27,86,7,5.146063
27,86,8,5.851375
27,86,9,9.743625
27,86,10,7.288125
27,86,11,10.161625
27,86,12,7.288125
27,86,13,7.471
27,86,14,9.456312
27,86,15,8.254687
27,86,16,9.377937
27,86,17,11.964062
27,87,1,6.713437
27,87,2,6.34775
27,87,3,5.564062
27,87,4,11.128125
27,87,5,8.59425
27,87,6,7.131375
27,87,7,5.381188
27,88,1,8.359125
27,88,2,6.530563
27,88,3,5.982
27,88,4,5.851375
27,88,5,6.452187
27,88,6,11.650562
27,88,7,5.746937
27,88,8,7.967313
27,88,9,8.777125
27,88,10,9.456312
27,88,11,6.687312
27,88,12,6.0865
27,88,13,7.053063
27,88,14,8.254687
27,88,15,5.982
27,88,16,6.687312
27,88,17,6.164875
27,88,18,6.0865
27,88,19,6.948562
27,89,1,3.57875
27,89,2,7.836688
27,89,3,8.071813
27,89,4,5.564062
27,89,5,7.549375
27,89,6,7.758312
27,89,7,7.288125
27,89,8,7.3665
27,89,9,9.038312
27,89,10,7.758312
27,89,11,8.777125
27,89,12,7.288125
27,89,13,7.471
27,89,14,6.269375
27,89,15,7.758312
27,89,16,6.530563
27,89,17,6.687312
27,89,18,6.948562
27,89,19,5.746937
27,89,20,10.762437
27,89,21,5.668563
27,89,22,6.34775
27,89,23,5.668563
27,89,24,5.668563
27,89,25,5.668563
27,89,26,4.96325
27,89,27,7.653875
27,89,28,5.564062
27,89,29,5.459562
27,89,30,5.564062
27,89,31,6.269375
27,89,32,5.564062
27,89,33,5.668563
27,89,34,6.765688
27,89,35,6.687312
27,89,36,5.041625
27,89,37,6.269375
27,89,38,6.269375
27,89,39,6.34775
27,89,40,6.269375
27,89,41,5.851375
27,89,42,5.146063
27,89,43,5.851375
27,89,44,6.269375
27,89,45,6.452187
27,89,46,5.041625
27,89,47,7.549375
27,89,48,7.131375
27,89,49,8.176312
27,89,50,6.948562
27,89,51,8.4375
27,89,52,8.254687
27,89,53,4.85875
27,90,1,10.057125
27,90,2,9.743625
27,90,3,6.164875
27,90,4,8.359125
27,90,5,6.765688
27,90,6,6.530563
27,90,7,5.250563
27,90,8,7.3665
27,90,9,7.549375
27,90,10,11.885687
27,90,11,5.564062
27,90,12,5.146063
27,90,13,5.459562
27,90,14,7.131375
27,90,15,6.164875
27,90,16,6.948562
27,90,17,10.161625
27,91,1,5.851375
27,91,2,6.765688
27,91,3,5.746937
27,91,4,9.142812
27,91,5,6.164875
27,91,6,6.765688
27,91,7,8.071813
27,91,8,5.982
27,91,9,6.34775
27,91,10,7.758312
27,91,11,6.452187
27,91,12,6.687312
27,91,13,6.269375
27,91,14,6.687312
27,91,15,9.142812
27,91,16,6.34775
27,92,1,2.873438
27,92,2,4.85875
27,92,3,5.459562
27,92,4,5.564062
27,92,5,7.3665
27,92,6,6.530563
27,92,7,5.250563
27,92,8,8.4375
27,92,9,3.761625
27,92,10,8.59425
27,92,11,5.459562
27,92,12,7.288125
27,92,13,5.564062
27,92,14,5.381188
27,92,15,5.668563
27,92,16,5.851375
27,93,1,10.266063
27,93,2,5.250563
27,93,3,8.359125
27,93,4,8.071813
27,93,5,9.038312
27,94,1,4.780375
27,94,2,5.146063
27,94,3,5.982
27,94,4,6.530563
27,94,5,5.851375
27,94,6,5.146063
27,94,7,6.948562
27,94,8,5.459562
27,94,9,6.765688
27,94,10,6.164875
27,94,11,6.0865
27,94,12,7.967313
27,94,13,6.164875
27,94,14,5.146063
27,94,15,5.851375
27,94,16,5.982
27,94,17,6.530563
27,94,18,6.269375
27,94,19,7.288125
27,94,20,5.851375
27,94,21,4.96325
27,94,22,5.564062
27,94,23,8.777125
27,95,1,5.381188
27,95,2,4.440812
27,95,3,5.381188
27,95,4,5.381188
27,95,5,6.452187
27,95,6,6.687312
27,95,7,10.344437
27,95,8,5.381188
27,95,9,6.948562
27,95,10,8.254687
27,95,11,5.851375
27,96,1,5.851375
27,96,2,6.269375
27,96,3,5.746937
27,96,4,6.164875
27,96,5,5.746937
27,96,6,5.459562
27,96,7,5.982
27,96,8,6.530563
27,96,9,6.452187
27,96,10,9.97875
27,96,11,6.530563
27,96,12,7.053063
27,96,13,10.579562
27,97,1,8.359125
27,97,2,5.746937
27,97,3,4.780375
27,97,4,5.668563
27,97,5,7.471
27,97,6,5.982
27,97,7,8.4375
27,97,8,8.8555
27,97,9,7.471
27,97,10,8.071813
27,97,11,5.564062
27,97,12,5.381188
27,98,1,10.266063
27,98,2,6.452187
27,98,3,9.142812
27,98,4,5.746937
27,98,5,5.250563
27,98,6,6.164875
27,98,7,5.146063
27,98,8,5.459562
27,98,9,9.639125
27,99,1,6.452187
27,99,2,5.459562
27,99,3,4.179563
27,99,4,9.97875
27,99,5,6.687312
27,99,6,10.579562
27,99,7,8.071813
27,99,8,9.456312
27,99,9,8.59425
27,100,1,4.5975
27,100,2,4.96325
27,100,3,9.639125
27,100,4,8.359125
27,100,5,6.217125
27,101,1,7.549375
27,101,2,8.96
27,101,3,9.038312
27,101,4,6.34775
27,101,5,11.284875
27,101,6,9.273438
27,101,7,8.8555
27,101,8,9.038312
27,102,1,6.765688
27,102,2,5.982
27,102,3,10.762437
27,102,4,5.746937
27,102,5,6.269375
27,102,6,4.96325
27,102,7,5.459562
27,102,8,5.250563
27,102,9,6.164875
27,102,10,6.34775
27,102,11,7.471
27,102,12,5.381188
27,102,13,6.164875
27,102,14,6.687312
27,102,15,6.530563
27,102,16,7.131375
27,102,17,5.459562
27,102,18,6.0865
27,102,19,6.2955
27,102,20,6.452187
27,102,21,5.459562
27,102,22,6.504437
27,102,23,6.452187
27,102,24,4.780375
27,102,25,7.836688
27,102,26,6.217125
27,102,27,11.04975
27,102,28,4.362437
27,102,29,6.164875
27,103,1,8.777125
27,103,2,5.851375
27,103,3,6.0865
27,103,4,6.948562
27,103,5,6.452187
27,103,6,5.564062
27,103,7,5.982
27,103,8,6.0865
27,103,9,4.780375
27,103,10,7.131375
27,103,11,6.687312
27,103,12,6.452187
27,103,13,5.564062
27,103,14,5.041625
27,103,15,6.0865
27,103,16,6.530563
27,103,17,7.758312
27,103,18,5.381188
27,103,19,6.948562
27,103,20,8.254687
27,103,21,5.459562
27,103,22,9.456312
27,104,1,8.071813
27,104,2,5.459562
27,104,3,8.96
27,104,4,5.381188
27,104,5,5.851375
27,104,6,5.851375
27,104,7,5.564062
27,104,8,6.269375
27,104,9,6.765688
27,104,10,5.851375
27,104,11,5.982
27,104,12,7.131375
27,104,13,7.758312
27,104,14,8.96
27,104,15,9.639125
27,104,16,5.564062
27,104,17,6.452187
27,104,18,6.34775
27,104,19,5.564062
27,104,20,6.34775
27,104,21,6.164875
27,104,22,6.530563
27,104,23,6.269375
27,104,24,9.560812
27,104,25,9.639125
27,104,26,6.948562
27,104,27,5.564062
27,104,28,5.459562
27,104,29,8.4375
27,104,30,6.34775
27,104,31,6.452187
27,104,32,6.530563
27,104,33,6.164875
27,104,34,5.459562
27,104,35,10.762437
27,105,1,6.269375
27,105,2,5.668563
27,105,3,6.687312
27,105,4,5.459562
27,105,5,6.687312
27,105,6,5.564062
27,105,7,6.164875
27,105,8,5.564062
27,105,9,5.381188
27,105,10,6.452187
27,105,11,7.471
27,105,12,4.780375
27,105,13,6.34775
27,105,14,6.34775
27,105,15,5.668563
27,105,16,6.34775
27,105,17,4.780375
27,105,18,6.0865
27,105,19,5.746937
27,105,20,5.746937
27,105,21,5.746937
27,105,22,5.668563
27,105,23,6.164875
27,105,24,6.0865
27,105,25,5.459562
27,105,26,4.96325
27,105,27,5.668563
27,105,28,6.765688
27,105,29,5.250563
27,105,30,5.381188
27,105,31,4.96325
27,105,32,5.250563
27,105,33,6.164875
27,105,34,5.668563
27,105,35,6.452187
27,105,36,5.668563
27,105,37,6.164875
27,105,38,6.164875
27,105,39,5.746937
27,105,40,5.982
27,105,41,7.131375
27,105,42,4.675875
27,105,43,5.381188
27,105,44,5.982
27,105,45,7.758312
27,106,1,6.34775
27,106,2,5.746937
27,106,3,5.146063
27,106,4,6.530563
27,106,5,9.560812
27,106,6,5.459562
27,106,7,10.94525
27,106,8,5.381188
27,106,9,7.653875
27,106,10,5.982
27,106,11,5.381188
27,106,12,4.96325
27,106,13,5.459562
27,106,14,6.687312
27,106,15,6.0865
27,106,16,6.164875
27,106,17,6.870188
27,106,18,6.0865
27,106,19,5.459562
27,106,20,5.564062
27,106,21,5.459562
27,106,22,5.146063
27,106,23,11.180375
27,106,24,5.746937
27,106,25,6.34775
27,106,26,4.440812
27,106,27,5.564062
27,106,28,6.269375
27,106,29,6.530563
27,106,30,7.288125
27,106,31,5.250563
27,106,32,6.269375
27,106,33,4.675875
27,106,34,6.164875
27,106,35,5.381188
27,106,36,5.982
27,106,37,5.381188
27,106,38,9.639125
27,106,39,9.273438
27,106,40,5.851375
27,106,41,5.250563
27,106,42,5.851375
27,106,43,8.254687
27,106,44,5.459562
27,106,45,5.982
27,106,46,5.668563
27,106,47,12.956687
27,106,48,10.866938
27,107,1,3.944437
27,107,2,4.85875
27,107,3,6.34775
27,107,4,6.269375
27,107,5,5.041625
27,107,6,6.269375
27,107,7,5.564062
27,107,8,5.250563
27,107,9,5.851375
27,107,10,6.164875
27,107,11,4.85875
27,107,12,5.146063
27,107,13,5.746937
27,107,14,6.0865
27,107,15,5.250563
27,107,16,5.381188
27,107,17,5.851375
27,107,18,5.982
27,107,19,5.851375
27,107,20,5.250563
27,107,21,5.250563
27,107,22,5.746937
27,107,23,5.851375
27,107,24,6.0865
27,107,25,6.0865
27,107,26,6.269375
27,107,27,6.870188
27,107,28,5.982
27,107,29,4.85875
27,107,30,6.164875
27,107,31,4.85875
27,107,32,5.381188
27,107,33,5.746937
27,107,34,4.96325
27,107,35,7.053063
27,107,36,5.146063
27,107,37,6.687312
27,107,38,5.564062
27,107,39,5.746937
27,107,40,6.0865
27,107,41,6.0865
27,107,42,6.687312
27,107,43,6.687312
27,108,1,1.671812
27,108,2,5.668563
27,108,3,4.54525
27,108,4,5.668563
27,108,5,6.687312
27,108,6,5.668563
27,108,7,6.870188
27,108,8,8.176312
27,108,9,8.672625
27,108,10,7.549375
27,108,11,5.041625
27,108,12,5.746937
27,108,13,5.982
27,108,14,5.459562
27,109,1,2.533875
27,109,2,10.579562
27,109,3,5.459562
27,109,4,5.381188
27,109,5,6.530563
27,109,6,5.250563
27,109,7,6.452187
27,109,8,5.668563
27,109,9,4.96325
27,109,10,6.870188
27,109,11,6.530563
27,109,12,6.687312
27,109,13,6.0865
27,109,14,8.071813
27,109,15,6.34775
27,109,16,10.866938
27,109,17,8.359125
27,109,18,9.273438
27,109,19,7.3665
27,109,20,7.131375
27,109,21,9.560812
27,109,22,6.269375
27,109,23,5.982
27,109,24,5.982
27,109,25,6.269375
27,109,26,5.564062
27,109,27,5.668563
27,109,28,8.777125
27,109,29,6.34775
27,109,30,6.530563
27,109,31,6.765688
27,110,1,9.456312
27,110,2,6.765688
27,110,3,9.97875
27,110,4,10.266063
27,110,5,6.164875
27,110,6,6.765688
27,110,7,5.146063
27,111,1,6.765688
27,111,2,5.250563
27,111,3,5.668563
27,111,4,5.381188
27,111,5,4.54525
27,111,6,5.564062
27,111,7,6.34775
27,111,8,5.041625
27,111,9,6.765688
27,111,10,9.377937
27,112,1,6.687312
27,112,2,4.85875
27,112,3,4.96325
27,112,4,5.746937
27,112,5,5.459562
27,112,6,5.250563
27,112,7,6.0865
27,112,8,5.459562
27,112,9,7.836688
27,112,10,7.706062
27,113,1,7.288125
27,113,2,5.381188
27,113,3,5.041625
27,113,4,5.041625
27,113,5,4.96325
27,113,6,4.54525
27,113,7,5.146063
27,113,8,4.440812
27,113,9,7.131375
27,114,1,5.668563
27,114,2,5.041625
27,114,3,5.668563
27,114,4,5.146063
27,114,5,6.0865
27,114,6,5.250563
27,114,7,6.34775
27,114,8,6.687312
27,115,1,8.359125
27,115,2,4.362437
27,115,3,5.146063
27,115,4,5.381188
27,115,5,5.982
27,115,6,6.269375
27,115,7,8.59425
27,115,8,4.96325
27,115,9,5.146063
27,115,10,5.381188
27,115,11,5.851375
27,115,12,8.96
27,115,13,5.459562
27,115,14,5.041625
27,115,15,5.250563
27,115,16,6.34775
27,115,17,5.459562
27,115,18,6.34775
27,116,1,5.459562
27,116,2,4.675875
27,116,3,8.4375
27,116,4,5.982
27,116,5,4.96325
27,116,6,5.668563
27,116,7,5.746937
27,116,8,7.549375
27,116,9,5.250563
27,116,10,4.85875
27,116,11,5.041625
27,116,12,4.675875
27,116,13,4.96325
27,116,14,5.459562
27,116,15,5.250563
27,116,16,8.8555
27,116,17,5.668563
27,116,18,5.459562
27,116,19,6.34775
27,117,1,5.746937
27,117,2,7.053063
27,118,1,4.780375
27,118,2,4.179563
27,118,3,4.54525
27,118,4,5.041625
27,118,5,5.851375
27,118,6,4.85875
27,118,7,5.459562
27,118,8,4.780375
27,118,9,4.54525
27,118,10,4.780375
27,118,11,5.459562
27,118,12,7.549375
27,118,13,5.146063
27,118,14,4.675875
27,118,15,7.471
27,118,16,5.564062
27,118,17,5.146063
27,118,18,5.564062
27,118,19,4.85875
27,118,20,5.041625
27,118,21,4.780375
27,118,22,5.250563
27,118,23,5.250563
27,118,24,5.381188
27,118,25,7.053063
27,118,26,6.0865
27,118,27,8.254687
27,118,28,5.250563
27,118,29,4.780375
27,119,1,5.381188
27,119,2,5.668563
27,119,3,5.041625
27,119,4,5.668563
27,119,5,5.982
27,119,6,5.851375
27,119,7,6.948562
27,119,8,6.765688
27,119,9,6.269375
27,119,10,6.530563
27,119,11,6.452187
27,119,12,4.675875
27,119,13,5.041625
27,119,14,5.381188
27,119,15,5.982
27,119,16,6.948562
27,119,17,5.459562
27,119,18,5.668563
27,119,19,6.452187
27,119,20,6.164875
27,119,21,6.0865
27,119,22,5.982
27,119,23,8.176312
27,119,24,5.381188
27,119,25,5.041625
27,119,26,6.164875
27,119,27,6.452187
27,119,28,5.459562
27,119,29,6.269375
27,119,30,5.746937
27,119,31,5.746937
27,119,32,5.381188
27,119,33,5.982
27,119,34,6.164875
27,119,35,5.041625
27,119,36,5.746937
27,119,37,5.746937
27,119,38,6.164875
27,119,39,6.269375
27,119,40,6.269375
27,119,41,6.870188
27,119,42,5.564062
27,119,43,8.4375
27,119,44,5.041625
27,119,45,5.668563
27,119,46,6.164875
27,119,47,5.041625
27,119,48,8.59425
27,119,49,5.668563
27,119,50,6.269375
27,119,51,5.851375
27,119,52,6.530563
27,119,53,5.851375
27,119,54,5.381188
27,119,55,6.452187
27,119,56,5.250563
27,119,57,4.780375
27,119,58,5.564062
27,119,59,5.982
27,119,60,5.746937
27,119,61,5.746937
27,119,62,6.164875
27,119,63,6.765688
27,119,64,7.131375
27,119,65,5.564062
27,119,66,6.164875
27,119,67,6.530563
27,119,68,4.96325
27,119,69,7.3665
27,119,70,6.164875
27,119,71,5.668563
27,119,72,5.982
27,119,73,6.948562
27,119,74,6.452187
27,119,75,6.530563
27,119,76,6.0865
27,119,77,6.164875
27,119,78,7.836688
27,119,79,5.041625
27,119,80,5.668563
27,119,81,5.668563
27,119,82,6.164875
27,119,83,5.459562
27,119,84,5.746937
27,119,85,5.851375
27,119,86,6.34775
27,119,87,6.687312
27,119,88,5.459562
27,119,89,5.668563
27,119,90,6.0865
27,119,91,5.851375
27,119,92,5.982
27,119,93,5.746937
27,119,94,5.381188
27,119,95,5.982
27,119,96,6.530563
27,119,97,6.164875
27,119,98,6.164875
27,119,99,6.164875
27,119,100,5.564062
27,119,101,6.765688
27,119,102,6.0865
27,119,103,6.34775
27,119,104,7.3665
27,119,105,5.381188
27,119,106,6.0865
27,119,107,4.780375
27,119,108,5.982
27,119,109,4.85875
27,119,110,6.164875
27,119,111,5.146063
27,119,112,6.269375
27,119,113,4.179563
27,119,114,5.381188
27,119,115,6.269375
27,119,116,6.687312
27,119,117,6.687312
27,119,118,5.851375
27,119,119,7.836688
27,119,120,5.668563
27,119,121,6.0865
27,119,122,4.85875
27,119,123,5.668563
27,119,124,5.746937
27,119,125,5.381188
27,119,126,4.675875
27,119,127,5.851375
27,119,128,7.288125
27,119,129,4.85875
27,119,130,4.96325
27,119,131,5.851375
27,119,132,5.459562
27,119,133,6.0865
27,119,134,5.746937
27,119,135,5.746937
27,119,136,6.765688
27,119,137,4.780375
27,119,138,5.250563
27,119,139,5.851375
27,119,140,4.96325
27,119,141,5.146063
27,119,142,5.146063
27,119,143,5.459562
27,119,144,4.780375
27,119,145,5.982
27,119,146,4.675875
27,119,147,5.851375
27,119,148,5.146063
27,119,149,6.765688
27,119,150,4.96325
27,119,151,5.459562
27,119,152,5.381188
27,119,153,6.164875
27,119,154,5.668563
27,119,155,5.250563
27,119,156,5.381188
27,119,157,5.250563
27,119,158,6.687312
27,119,159,7.471
27,119,160,6.530563
27,119,161,6.269375
27,119,162,5.041625
27,119,163,5.564062
27,119,164,6.34775
27,119,165,5.668563
27,119,166,6.34775
27,119,167,5.041625
27,119,168,6.948562
27,119,169,6.0865
27,119,170,5.459562
27,119,171,5.746937
27,119,172,5.982
27,119,173,5.041625
27,119,174,6.269375
27,119,175,6.34775
27,119,176,8.176312
27,120,1,7.471
27,120,2,6.687312
27,120,3,5.146063
27,120,4,5.146063
27,120,5,5.982
27,120,6,5.668563
27,120,7,5.851375
27,121,1,7.549375
27,121,2,4.780375
27,121,3,5.146063
27,121,4,5.041625
27,121,5,5.851375
27,121,6,5.746937
27,121,7,5.746937
27,121,8,6.530563
27,122,1,7.3665
27,122,2,5.381188
27,122,3,5.746937
27,122,4,8.4375
27,122,5,6.164875
27,122,6,5.250563
27,122,7,5.381188
27,122,8,5.146063
27,122,9,5.746937
27,123,1,7.288125
27,123,2,12.669375
27,123,3,5.564062
27,123,4,9.038312
27,124,1,7.471
27,124,2,5.564062
27,124,3,5.381188
27,124,4,5.982
27,124,5,5.041625
27,124,6,5.746937
27,124,7,9.038312
27,124,8,5.564062
27,125,1,9.142812
27,125,2,7.967313
27,125,3,13.191812
27,125,4,6.0865
27,125,5,9.560812
27,126,1,7.3665
27,126,2,10.762437
27,126,3,5.381188
27,126,4,6.452187
27,126,5,4.440812
27,126,6,9.97875
27,127,1,13.374688
27,127,2,10.057125
27,127,3,5.459562
27,127,4,5.381188
27,127,5,11.284875
27,128,1,6.164875
27,128,2,5.250563
27,128,3,10.448937
27,128,4,5.381188
27,128,5,8.071813
27,128,6,4.780375
27,129,1,6.765688
27,129,2,5.668563
27,129,3,5.381188
27,129,4,4.440812
27,129,5,5.381188
27,129,6,5.982
27,129,7,5.381188
27,129,8,9.456312
27,130,1,5.746937
27,130,2,7.131375
27,130,3,4.54525
27,130,4,4.179563
27,130,5,5.459562
27,130,6,5.668563
27,130,7,7.653875
27,130,8,5.250563
27,131,1,12.068563
27,131,2,9.038312
27,131,3,5.564062
27,132,1,5.459562
27,132,2,4.675875
27,132,3,6.164875
27,132,4,5.459562
27,132,5,5.668563
27,132,6,6.34775
27,132,7,5.146063
27,132,8,5.982
27,132,9,5.746937
27,132,10,5.459562
27,132,11,9.97875
27,132,12,11.650562
27,132,13,5.250563
27,132,14,5.459562
27,132,15,5.250563
27,132,16,6.452187
27,132,17,5.459562
27,132,18,5.746937
27,133,1,7.653875
27,133,2,9.87425
27,133,3,11.46775
27,134,1,10.448937
27,134,2,5.381188
27,134,3,6.164875
27,135,1,6.870188
27,135,2,5.041625
27,135,3,5.564062
27,135,4,5.459562
27,135,5,6.34775
27,135,6,8.8555
27,135,7,9.377937
27,135,8,5.041625
27,135,9,7.3665
27,135,10,5.041625
27,135,11,7.653875
27,135,12,5.146063
27,135,13,5.668563
27,135,14,5.381188
27,135,15,5.982
27,135,16,6.0865
27,135,17,6.452187
27,135,18,4.96325
27,135,19,5.982
27,135,20,6.687312
27,135,21,6.530563
27,136,1,4.179563
27,136,2,4.179563
27,136,3,4.075062
27,136,4,5.381188
27,136,5,4.54525
27,136,6,4.675875
27,136,7,4.257937
27,136,8,4.675875
27,136,9,6.765688
27,136,10,4.85875
27,136,11,4.440812
27,136,12,5.146063
27,136,13,5.146063
27,136,14,4.440812
27,136,15,4.780375
27,136,16,4.179563
27,136,17,4.075062
27,136,18,4.179563
27,136,19,4.179563
27,136,20,4.075062
27,136,21,4.257937
27,136,22,4.257937
27,136,23,4.96325
27,136,24,4.440812
27,136,25,4.96325
27,136,26,4.54525
27,137,1,6.765688
27,137,2,4.362437
27,137,3,9.377937
27,137,4,4.96325
27,137,5,4.780375
27,137,6,9.743625
27,137,7,9.038312
27,137,8,8.359125
27,137,9,7.131375
27,138,1,6.870188
27,138,2,12.4865
27,138,3,5.746937
27,138,4,6.870188
27,138,5,5.668563
27,138,6,6.765688
27,138,7,9.560812
27,138,8,8.96
27,139,1,5.982
27,139,2,5.459562
27,139,3,5.250563
27,139,4,5.851375
27,139,5,5.668563
27,139,6,5.459562
27,139,7,5.459562
27,139,8,7.053063
27,139,9,5.146063
27,139,10,5.250563
27,139,11,6.34775
27,139,12,9.038312
27,139,13,5.982
27,139,14,8.8555
27,139,15,8.777125
27,139,16,10.762437
27,139,17,6.164875
27,139,18,5.668563
27,139,19,6.269375
27,139,20,6.164875
27,139,21,6.269375
27,139,22,5.041625
27,139,23,6.765688
27,139,24,6.687312
27,140,1,2.168125
27,140,2,5.459562
27,140,3,5.146063
27,140,4,7.131375
27,140,5,9.377937
27,140,6,10.762437
27,140,7,7.235875
27,140,8,6.269375
27,140,9,7.758312
27,140,10,5.146063
27,140,11,7.288125
27,140,12,8.071813
27,140,13,5.982
27,140,14,6.870188
27,141,1,6.948562
27,141,2,6.530563
27,141,3,6.452187
27,141,4,11.885687
27,141,5,11.36325
27,141,6,6.687312
27,141,7,6.530563
27,141,8,6.870188
27,141,9,6.0865
27,141,10,7.183625
27,142,1,4.54525
27,142,2,5.851375
27,142,3,4.85875
27,142,4,10.161625
27,142,5,8.777125
27,142,6,8.59425
27,142,7,8.96
27,142,8,9.87425
27,143,1,10.762437
27,143,2,6.452187
27,143,3,9.038312
27,143,4,5.668563
27,143,5,9.038312
27,143,6,6.530563
27,143,7,10.448937
27,143,8,10.684062
27,143,9,5.851375
27,143,10,9.273438
27,143,11,7.288125
27,143,12,9.560812
27,144,1,9.221187
27,144,2,10.344437
27,144,3,6.870188
27,144,4,4.96325
27,144,5,6.687312
27,144,6,5.982
27,144,7,9.377937
27,144,8,4.96325
27,144,9,6.452187
27,144,10,6.870188
27,144,11,9.142812
27,144,12,11.36325
27,144,13,9.87425
27,144,14,8.071813
27,144,15,6.948562
27,145,1,8.071813
27,145,2,6.0865
27,145,3,5.982
27,145,4,5.564062
27,145,5,5.851375
27,145,6,6.870188
27,145,7,5.459562
27,145,8,5.982
27,145,9,5.041625
27,145,10,5.851375
27,145,11,5.381188
27,145,12,6.0865
27,145,13,6.687312
27,145,14,5.746937
27,145,15,7.653875
27,145,16,5.746937
27,145,17,5.851375
27,145,18,6.452187
27,145,19,6.870188
27,145,20,5.982
27,145,21,7.758312
27,146,1,4.85875
27,146,2,5.746937
27,146,3,5.564062
27,146,4,7.131375
27,146,5,6.765688
27,146,6,8.8555
27,146,7,7.758312
27,146,8,7.758312
27,146,9,8.071813
27,146,10,7.836688
27,147,1,6.870188
27,147,2,5.564062
27,147,3,5.250563
27,147,4,5.250563
27,147,5,5.851375
27,147,6,6.164875
27,147,7,5.459562
27,147,8,8.4375
27,147,9,5.668563
27,147,10,5.982
27,147,11,5.564062
27,147,12,6.34775
27,147,13,5.982
27,147,14,4.96325
27,147,15,5.851375
27,147,16,6.0865
27,147,17,6.0865
27,147,18,6.530563
27,147,19,5.668563
27,147,20,6.452187
27,148,1,6.452187
27,148,2,5.146063
27,148,3,5.564062
27,148,4,6.164875
27,148,5,4.96325
27,148,6,5.250563
27,148,7,5.146063
27,148,8,5.982
27,148,9,4.54525
27,148,10,4.440812
27,148,11,4.85875
27,148,12,4.075062
27,148,13,7.967313
27,148,14,9.377937
27,149,1,6.164875
27,149,2,5.982
27,149,3,5.250563
27,149,4,5.459562
27,149,5,5.459562
27,149,6,5.459562
27,149,7,5.381188
27,149,8,5.851375
27,149,9,6.765688
27,150,1,7.053063
27,150,2,4.85875
27,150,3,5.564062
27,150,4,5.668563
27,150,5,6.164875
27,150,6,4.54525
